#,NAME,FOLLOWERS,ER,COUNTRY,TOPIC OF INFLUENCE,POTENTIAL REACH
1,Chris Hemsworth @chrishemsworth,58.5M,1.6%,Australia,Actors,17.5M
2,Hugh Jackman @thehughjackman,31.9M,1.27%,Australia,Entertainment and Music Actors TV Host Modeling,9.6M
3,Ruby Rose @rubyrose,22.7M,0.42%,Australia,Celebrity Modeling,6.8M
4,Miranda Kerr @mirandakerr,14.6M,0.82%,Australia,Beauty and Self Care Fashion and Accessories Business and Finance Lifestyle,4.4M
5,Liam Hemsworth @liamhemsworth,12.6M,3.55%,Australia,Actors Film,3.8M
6,5 Seconds of Summer @5sos,11.5M,1.6%,Australia,Entertainment and Music,3.5M
7,Rebel Wilson @rebelwilson,11.2M,0.48%,Australia,Acting and Drama Modeling Styling,3.4M
8,David Warner @davidwarner31,10.7M,0.7%,Australia,family Cricket,3.2M
9,ANGELA WHITE @theangelawhite,9.9M,1.32%,Australia,Entertainment and Music Romance and Wedding Actors Modeling,3M
10,Nicole Kidman @nicolekidman,9.8M,1.65%,Australia,Acting and Drama Actors,2.9M
11,Celeste Barber @celestebarber,9.6M,1.21%,Australia,Entertainment and Music Funny Celebrity Writers,2.9M
12,Dacre Montgomery @dacremontgomery,8.9M,3.28%,Australia,Art,2.7M
13,Daniel Ricciardo @danielricciardo,8.7M,6.25%,Australia,Sports Racing Cars,2.6M
14,Phoebe Tonkin @phoebejtonkin,8.5M,1.74%,Australia,Entertainment and Music Modeling Actors,2.5M
15,Luke Hemmings @lukehemmings,8.4M,4.35%,Australia,Music Guitar Singer,2.5M
16,Calum Hood @calumhood,7.8M,4.32%,Australia,Music Rock Guitar,2.3M
17,Claire Holt @claireholt,7.6M,4.98%,Australia,,2.3M
18,Ben Simmons @bensimmons,7.3M,2.49%,Australia,Sports Modeling,2.2M
19,Igor Cavalari @igao,7M,3.57%,Australia,Entertainment and Music Video Blogger Celebrities Humor,2.1M
20,𝐑 𝐎 𝐒 𝐀 𝐍 𝐍 𝐀 𝐀 𝐑 𝐊 𝐋 𝐄 @rosannaarkle,6.2M,0.1%,Australia,Beauty and Self Care Fashion and Accessories Modeling,1.9M
21,Sveta Bilyalova @svetabily,5.9M,2.7%,Australia,Business and Finance,1.8M
22,Bindi Irwin @bindisueirwin,5.5M,3.59%,Australia,Nature Animals Actors,1.6M
23,안보현 @bohyunahn,5M,0.23%,Australia,Modeling,1.5M
24,Okan Canbolat Australia ©️ @okan_canbolat_official,4.9M,-,Australia,Acting and Drama Entertainment and Music Celebrity Music,1.5M
25,AC/DC @acdc,4.1M,2.08%,Australia,Entertainment and Music Music Band,1.2M
26,Robert Irwin @robertirwinphotography,3.8M,2.65%,Australia,Nature Photography Home and Garden,1.2M
27,Maya // vegan recipes @fitgreenmind,3.7M,0.28%,Australia,Fitness and Health Food and Drink,1.1M
28,S A V A N N A H ➕ C L A R K E @savannah.clarke,3.7M,0.47%,Australia,Entertainment and Music Music Modeling,1.1M
29,lilymaymac @lilymaymac,3.7M,0.31%,Australia,Fashion and Accessories Lifestyle Modeling Celebrities,1.1M
30,ʜɪʟᴅᴇ ᴏsʟᴀɴᴅ ♡ @hildeee,3.7M,0.63%,Australia,Travel Modeling,1.1M
31,Steve Smith @steve_smith49,3.6M,2.68%,Australia,Tennis Cricket,1.1M
32,Natasha Oakley @tashoakley,3.6M,0.49%,Australia,Fashion and Accessories Business and Finance Lifestyle Styling,1.1M
33,SHANINA SHAIK @shaninamshaik,3.5M,0.1%,Australia,Fashion and Accessories Beauty and Self Care Modeling Design,1.1M
34,Nathaniel Buzolic @natebuzz,3.4M,1.9%,Australia,Actors,1M
35,Trixie Mattel @trixiemattel,3.4M,0.97%,Australia,Animation and Cosplay Hair & Beauty Celebrities Public Figure,1M
36,Jasmine @jascurtissmith,3.3M,0.1%,Australia,Entertainment and Music Celebrity Lifestyle,1M
37,Evelyn Sharma @evelyn_sharma,3.3M,0.21%,Australia,Entertainment and Music Travel family Home and Garden,1M
38,Carolina McCauley @carolina.mccauley,3.3M,0.1%,Australia,DIY and Life Hacks Home and Garden,981.4K
39,Travis Fimmel @travisfimmel,3M,6.08%,Australia,,912.4K
40,Tame Impala @tameimpala,2.9M,6.19%,Australia,Entertainment and Music Music Songwriting,877.4K
41,Eliza Taylor @elizajaneface,2.9M,3.5%,Australia,Acting and Drama Food,871.8K
42,Lazar Beam @lazarbeamyt,2.8M,9.5%,Australia,Games Entertainment and Music Funny Parenting,847.6K
43,Daniella Rahme دانييلا رحمه @daniellarahme,2.7M,0.89%,Australia,Fashion and Accessories Celebrity Actors Dance,812.9K
44,Keith Urban @keithurban,2.7M,1.53%,Australia,Entertainment and Music Singer,810.5K
45,Hillsong UNITED @hillsongunited,2.7M,0.46%,Australia,Entertainment and Music Parenting Singer,804.8K
46,Glenn Maxwell @gmaxi_32,2.7M,6.25%,Australia,Sports,803.7K
47,Chantel Mila Ibbotson @mama_mila_au,2.6M,0.7%,Australia,Home and Garden DIY and Life Hacks,785.9K
48,Anna Paul 💗 @anna_paull,2.5M,12.7%,Australia,Fashion and Accessories Travel Modeling,753.8K
49,Jalals @jalals,2.4M,4.07%,Australia,Entertainment and Music Funny Parenting Video Blogger,714.1K
50,Nicole Warne Shadbolt @nicolewarne,2.3M,0.46%,Australia,Fashion and Accessories Nature Animals Parenting,703.4K
51,Timmy Trumpet @timmytrumpet,2.3M,6.03%,Australia,Entertainment and Music Music DJ Producers,701.9K
52,CHASE ATLANTIC @chaseatlantic,2.3M,12.62%,Australia,Entertainment and Music Music Singer Modeling,692.1K
53,Merium Pervaiz @merium.pervaiz,2.3M,2.77%,Australia,Fashion,679.4K
54,Jackson O’Doherty @itsjackson,2.2M,1.5%,Australia,,669.5K
55,Jess Conte @jess,2.2M,0.48%,Australia,Beauty and Self Care Entertainment and Music Food Parenting,660.2K
56,Piers Morgan @piersmorgan,2.2M,1.18%,Australia,Entertainment and Music Modeling Actors,650K
57,lauren bullen @gypsea_lust,2.1M,0.43%,Australia,Travel Fashion and Accessories,640.3K
58,Adelaide Kane @adelaidekane,2.1M,4.53%,Australia,Acting and Drama Funny Celebrity Actors,626.9K
59,Tia-Clair Toomey-Orr @tiaclair1,2.1M,2.02%,Australia,Fitness and Health Personal Finance Coaching Training,625.6K
60,𝕮𝖔𝖈𝖔 𝕽𝖔𝖈𝖍𝖆 @cocorocha,2.1M,0.28%,Australia,Fashion and Accessories Moms Modeling Celebrities,617.7K
61,Shane Watson @srwatson33,2M,1.61%,Australia,Lifestyle Fashion Travel,610.2K
62,"Sia Clyde | Fitness, Comedy, Relatable @diaryofafitmommyofficial",2M,0.54%,Australia,Fitness and Health Food Food and Drink Coaching,609.9K
63,Pia Muehlenbeck @piamuehlenbeck,2M,0.29%,Australia,Travel Fashion and Accessories Beauty and Self Care Lifestyle,604.9K
64,Ozzy Man Reviews @ozzymanreviews,2M,1.48%,Australia,Entertainment and Music Funny Creator Author,587.5K
65,Jessica Stein @tuulavintage,2M,3.07%,Australia,Fashion and Accessories Travel,587.2K
66,Dominic Di Tommaso @domtomato,1.9M,1.95%,Australia,Outdoor Activity Sports Events Coaching,578.6K
67,Harley Fresh @mrfreshasian,1.9M,4.9%,Australia,Games Finance,563.2K
68,Adut Akech Bior @adutakech,1.9M,4.95%,Australia,Fashion and Accessories Beauty and Self Care Parenting Modeling,562.2K
69,Isabelle Mathers @isabellemathersx,1.9M,3.22%,Australia,Fashion and Accessories Modeling Lifestyle Celebrities,562.1K
70,HAAKON @dominicpurcell,1.9M,0.58%,Australia,Actors,555.4K
71,Indiana Massara @indiana,1.8M,1.52%,Australia,Entertainment and Music Music Modeling Actors,553K
72,Angelo Marasigan @_angelo.marasigan,1.8M,0.54%,Australia,Travel Entertainment and Music,545.5K
73,Nick Vujicic @nickvujicic,1.8M,0.56%,Australia,Education Writers,543.5K
74,How Ridiculous @howridiculous,1.8M,8.04%,Australia,Entertainment and Music Funny Outdoor Activity Sports,542.3K
75,Brett Lee @brettlee_58,1.8M,0.63%,Australia,Fitness,541.2K
76,cricket.com.au @cricketcomau,1.8M,0.42%,Australia,Sports News News & Politics,538.6K
77,Portia and Scarlett @portiaandscarlett,1.8M,0.15%,Australia,Fashion and Accessories Modeling,536.1K
78,Casey Boonstra @caseboon,1.7M,2.3%,Australia,Entertainment and Music Fashion and Accessories Parenting Modeling,509.5K
79,Diego 🪬 @diegoloyzaga,1.6M,0.41%,Australia,Music Modeling Moms,491.9K
80,Mikhail Zarubin @mike.around.the.world,1.6M,1.01%,Australia,Travel Books,483.8K
81,Polina Bright @polina.bright,1.6M,0.4%,Australia,Arts and Crafts,481.9K
82,Elisha Herbert @elisha__h,1.6M,1.92%,Australia,Fashion and Accessories Celebrity Modeling,467.6K
83,Natalie Roser (Bonner) @natalie_roser,1.5M,0.59%,Australia,Fashion and Accessories Arts and Crafts DIY and Life Hacks Modeling,455.8K
84,Georgia Hassarati @georgiahassarati,1.5M,0.67%,Australia,Arts and Crafts,452.3K
85,By @Lickyourphone Media 😋💦 @cake_cookies_chocolate,1.5M,0.19%,Australia,Food Music,451.7K
86,Soa Palelei @soathehulk,1.5M,8.15%,Australia,Sports Film,450.9K
87,Dot @bdotadot5,1.5M,0.15%,Australia,Sports Basketball,439.2K
88,The Inspired Unemployed @theinspiredunemployed,1.5M,8.2%,Australia,Funny,437.8K
89,MARIA PEREZ @maria_perezxox,1.4M,0.79%,Australia,Fashion and Accessories Actors Lifestyle,429.9K
90,Letícia Bradshaw Ledger @leticialedger,1.4M,0.18%,Australia,Fashion and Accessories,421.8K
91,Renata Meins @renatameins,1.4M,1.93%,Australia,Fashion and Accessories Beauty and Self Care Founder,420.9K
92,the art of hieu @kelogsloops,1.4M,2.86%,Australia,Arts and Crafts Illustrator Painting Design,420.2K
93,Sarah Rav @sarahrav,1.4M,0.14%,Australia,Fitness and Health Health & Fitness Celebrities Design,416.6K
94,SJANA • Yoga | Travel | Wellness @sjanaelise,1.4M,0.21%,Australia,Fitness and Health Travel Yoga,415.9K
95,Tara Milk Tea @taramilktea,1.4M,1.08%,Australia,Travel Nature & Outdoors,414.4K
96,Christian Yu @dprian,1.3M,13.7%,Australia,Entertainment and Music Actors Modeling,404.6K
97,Arman Liew @thebigmansworld,1.3M,0.53%,Australia,Food Fitness and Health Parenting Recipes,403.8K
98,Shani Grimmond @shanigrimmond,1.3M,1.18%,Australia,Fashion and Accessories Beauty and Self Care Video Blogger Celebrities,398.5K
99,Tammin Sursok @tamminsursok,1.3M,2.57%,Australia,Acting and Drama Fitness and Health family Food,398.3K
100,Ellyse Perry @ellyseperry,1.3M,7.29%,Australia,Sports Parenting Cricket Coaching,396.8K
