#,NAME,FOLLOWERS,ER,COUNTRY,TOPIC OF INFLUENCE,POTENTIAL REACH
1,FIFA @UCpcTrCXblq78GZrTUTLWeBw,12.1M,-,Switzerland,,3.6M
2,Eurovision Song Contest @UCRpjHHu8ivVWs73uxHlWwFA,5.1M,-,Switzerland,Music,1.5M
3,Swissbeatbox @UCzgUc_EaBp2-u-zEvTC6P0g,4.7M,-,Switzerland,,1.4M
4,LE GRAND JD @UCzjd9v6DMprAAvOBB4sxBPA,3.7M,-,Switzerland,,1.1M
5,my mechanics @UCMrMVIBtqFW6O0-MWq26gqw,3.3M,-,Switzerland,,990K
6,FarsAttack @UC-iNzkiXFbRr_l-lq9MVy7w,1.9M,-,Switzerland,,561K
7,Laugh 4 Life @UCmDOChfahA4gZU3WoRriNUQ,1.9M,-,Switzerland,,555K
8,Alyaa Gad علياء جاد @UCk-FDoGNRa9XfXqF4ujMv7A,1.3M,0.6%,Switzerland,,381K
9,KeysJore @UCOTyb6e_v9cz2Bu7VzFW7tg,1.3M,-,Switzerland,,381K
10,Adrian von Ziegler @UCSeJA6az0GrNM4_-pl3HQSQ,1.1M,0.3%,Switzerland,,324K
11,Сестрички. Life @UC7CPog0JLWcKsUDnYUmKMpA,1M,0.4%,Switzerland,,306K
12,Kinstaar @UC3l8a-MJtRS3jHvPz-rIUqg,963K,0.2%,Switzerland,,288.9K
13,Lava&Sherin TV لافا و شيرين @UCc87qNcaVTeE9lX_FmhotyA,945K,0.1%,Switzerland,,283.5K
14,Hallo Deutschschule @UC5ZnpdkQIit8TWhGVDiDnQQ,920K,-,Switzerland,,276K
15,PsYkO17 @UC9AyDb5SJjy1iTMS_EqAjcA,884K,-,Switzerland,,265.2K
16,FIG Channel @UCAM9Pvp3HzKvIAbAXHxidow,839K,-,Switzerland,,251.7K
17,MercBenzKing @UCwOzr0x28F-L1u6CHQ7CNUA,835K,0.6%,Switzerland,,250.5K
18,VERITY and CHELSEA @UCEt50ZvC_CtHHWB3TZKv9bA,828K,-,Switzerland,News,248.4K
19,CUBATON - OFFICIAL @UCvHlf_32EGLAnIDYgzkqO7A,801K,-,Switzerland,,240.3K
20,Mike Horn @mikehornexplorer,787K,0.6%,Switzerland,,236.1K
21,Dyne e Zinha - Culinária é Terapia @UCMPYAcYb1xphednO9uZrNUg,784K,-,Switzerland,,235.2K
22,Nicocapone @UCgrdZm9Nx3rCj8WenIoSIqw,765K,2.8%,Switzerland,,229.5K
23,World Economic Forum @UCw-kH-Od73XDAt7qtH9uBYA,750K,-,Switzerland,,225K
24,Raffa's Plastic Life @UCLYdLddpWyURxEnmZsZUAyw,744K,-,Switzerland,,223.2K
25,MK FamilyVLOGS @UCpnBTBkffNefiwriBxPyfnw,741K,-,Switzerland,,222.3K
26,Junior Eurovision Song Contest @UC-lkYjunAyfultKGuRJz6HQ,736K,0.5%,Switzerland,,220.8K
27,Swiss001 @UCYiaHzwtsww6phfxwUtZv8w,650K,0.3%,Switzerland,,195K
28,Royalty story @UCAfh7C5p4MMVHRYvjjbPQew,641K,0.1%,Switzerland,News,192.3K
29,2TONoffical @UCjPvfXJmB0pVSYAgchVOTbA,628K,-,Switzerland,,188.4K
30,Nespresso @UCdrsm2O-1i3zl5K0lVOEC2A,627K,-,Switzerland,,188.1K
31,Eric Flag @UCPJJkwm48LGt7LC6tUZMWZQ,600K,-,Switzerland,,180K
32,Gulsara Norova @UCQ4BTUbQubCORrh3C1r759A,599K,-,Switzerland,,179.7K
33,ROLEX @UClJXNsEKylFoB4ae6tZ9z5Q,597K,-,Switzerland,,179.1K
34,Neron's Brother @UCN-4imQmz1_EpEIZ7bjegaQ,565K,1.1%,Switzerland,,169.5K
35,Farming Simulator @farmingsimulator,557K,0.4%,Switzerland,,167.1K
36,Syarif Zapata @UCcoMsVZhSGW31RNm675LTVA,554K,0.4%,Switzerland,Careers,166.2K
37,Dr. Filippo Ongaro @UCpn6jPTFPFBEkTCNjuzYu_A,551K,-,Switzerland,Business and Finance,165.3K
38,Open Hearts Can Unite @UCMIa0Y6LYsnkduN7fCKBx-A,533K,-,Switzerland,,159.9K
39,Cacau schwarz @UCKwhzMLfPXS8-3f2dqWkksA,502K,0.4%,Switzerland,,150.6K
40,KALUSH @UCWJULrY4qhbj0pqnNOrYETg,502K,12.2%,Switzerland,,150.6K
41,ODIS @UC-g-PqBE-emVg9P424JzzTQ,492K,-,Switzerland,,147.6K
42,Aida Doci Official @UCn-lFKTfgmfLwUqdo-NQ6Rw,490K,0.1%,Switzerland,,147K
43,HEVOX @UC7AS6NPaYXPOa0-RCdGicCg,489K,1.8%,Switzerland,,146.7K
44,Romy Wave @UCiSvEEKUKTDCWz-ubCPPfnQ,483K,0.3%,Switzerland,,144.9K
45,Vanessa Somuayina @UCbRL-oGuAnhubzI-TTj5qrA,478K,1.3%,Switzerland,,143.4K
46,SHN Survival Horror Network @UC4jOVIDDfiSo_8Ywrdqb95w,465K,-,Switzerland,,139.5K
47,"Your Food, Your Medicine @UCFFdNIOCNQZMAF00ac1AFlQ",462K,9.3%,Switzerland,,138.6K
48,ASMR Gina Carla @UCyXMP8HqouQgNZiPnIt8IqQ,453K,-,Switzerland,,135.9K
49,Les archives de la RTS @UCe1rxEqz65ZWXwvWLrvq0Rw,446K,-,Switzerland,Television,133.8K
50,AirPano VR @UCUSElbgKZpE4Xdh5aFWG-Ig,422K,-,Switzerland,,126.6K
51,الدعم في اللغة الانجليزية Mrs.samiya @UC3fiVbwJyT4l2Zh55dpni0g,406K,-,Switzerland,,121.8K
52,Andreas Spiess @UCu7_D0o48KbfhpEohoP7YSQ,406K,-,Switzerland,,121.8K
53,Melonpan @UCnNAj7O2pARPGC7M0-zybAQ,397K,0.6%,Switzerland,,119.1K
54,La Magia del Crochet @UCDE0LT0WKTsfTtsOkfGIPtg,394K,-,Switzerland,,118.2K
55,OMEGA @UCF0mZ8eOx3ie5yCErYRoT5A,393K,0.1%,Switzerland,,117.9K
56,DaneDoSantos @UCivi14xl0L7X0dTevmreQmg,390K,-,Switzerland,,117K
57,Science Time @UCxoz4YfS4M3H3C57FD4jW4Q,385K,0.1%,Switzerland,,115.5K
58,alina madlaina @UCvDaYMVEBoCoNm9CSEdGQAA,365K,1.1%,Switzerland,,109.5K
59,Roggerofamily @UCWorpwSH202vOg_uUig3f2g,360K,-,Switzerland,,108K
60,RCHeliJet @UCTLEcIaYJEbUEzQc3-ZvruQ,359K,-,Switzerland,,107.7K
61,Lerocque @UC7Z-0uhkfpYJF-8EVDmd8eA,351K,0.2%,Switzerland,,105.3K
62,Waltrus @UCNYGhnRD-r-cBVz_LOmWwpA,347K,-,Switzerland,,104.1K
63,Pro Launchpadder @UCSjVnduZR5GdrirOJEU2rWQ,342K,-,Switzerland,,102.6K
64,Tataki @UCde0cBJrjHbmUio1ZU4LijQ,340K,0.1%,Switzerland,,102K
65,GZBKarma @UCXRvb2amew-biQXoeoOdacg,333K,2.7%,Switzerland,,99.9K
66,Бабушка Валюша @UC7ZL6EfKiE-fl87gNqzYDDw,328K,1.1%,Switzerland,,98.4K
67,Camila Navarro @UChm6-z_ChmvKPvZz4eOEuUA,325K,-,Switzerland,,97.5K
68,Harley-Davidson Breakout @UC_TtVWtUuJg5vO2fssHI3kg,325K,-,Switzerland,,97.5K
69,Silvia Sahakyan @UCgzpwFtQH8ijwXk9t8uZVEg,316K,1.8%,Switzerland,,94.8K
70,Stomp It Tutorials @UC1Ho5YvHCtyReazatbhBowA,310K,-,Switzerland,,93K
71,CadeauDuCoeur @UCLwPo7A73AUgSa2Im5XIbhQ,309K,-,Switzerland,,92.7K
72,Cook with Saima @UCZ1YYnReRqDv-pYzYGVqh6g,308K,-,Switzerland,,92.4K
73,Técnica De Voz @UC2eo96EnzIFUt1FJR01L6RQ,306K,-,Switzerland,,91.8K
74,Tanya Karatsuba Seid_Burkhan @UChyy_un2PBy0PwZWPgjhOEw,305K,-,Switzerland,News,91.5K
75,Sirup Music @UCOsYFfaNxTqxKFux98XU-EA,302K,-,Switzerland,,90.6K
76,GOTO Conferences @UCs_tLP3AiwYKwdUHpltJPuA,301K,-,Switzerland,,90.3K
77,ECN - European Cricket Network @UCzpKcXOP32CxF-X6iTpM7EQ,300K,-,Switzerland,,90K
78,Lensbreak Studios @UCKR9cijt0dqMHAnik0QYG2A,287K,0.6%,Switzerland,,86.1K
79,Ayano Aishi_Yan-chan @UCtu73ucqCCkD4C22-dSjiEw,282K,0.3%,Switzerland,,84.6K
80,La Carologie @UCxQcOTjUpeI8Goo6UXJ2NgA,282K,0.8%,Switzerland,,84.6K
81,The R @UCBjOLLnpy9W2ISC3rZ9F2JQ,281K,-,Switzerland,,84.3K
82,CARAPS رياض الصيداوي @UCZG-5TSNgIlZtsm8o9qVtzQ,279K,-,Switzerland,,83.7K
83,Alphadelta06 @UCT_GK8jTMglC2yFusiAtPjQ,277K,0.8%,Switzerland,,83.1K
84,Republic of Runners @UCN6H5B9rhX0-rs90Dec9pVQ,276K,0.3%,Switzerland,,82.8K
85,nxs. @UCl4UOc8h1ZnO-inFPgAu7gw,275K,-,Switzerland,Music,82.5K
86,Fitonomy @UCy5Twh1oGarUmVSpBaGXXxg,275K,-,Switzerland,,82.5K
87,Lanka Real News @UCXVKlt8ddkf0zwc5X8UNTlg,271K,0.1%,Switzerland,,81.3K
88,DrLiv @UCu_vb7fQbN_qqWEUJ4fo2zQ,270K,1.7%,Switzerland,,81K
89,Manny FreSh @UCd_IZUAbeU0-99XCaGIg4eA,269K,1%,Switzerland,,80.7K
90,Carmine @UCzYVs0LTrd6265AIkl-vZlA,265K,1.9%,Switzerland,,79.5K
91,SRF Dok @UCdFkj0fA6VYJaty-v8_avvg,264K,-,Switzerland,,79.2K
92,3 Minutes of Aviation @UCCB1oLQY3XM86ACD05Lq4HQ,261K,4.4%,Switzerland,,78.3K
93,Mother's recipes @UCHrMuZqFEPwR1q7nHVDxMQQ,261K,-,Switzerland,,78.3K
94,РИСОВАЛОЧКА @UCh_jX7QuHH3qthr4iBIQNdQ,254K,1.7%,Switzerland,,76.2K
95,Cars with Luke @UCwgzx-E7BXya5thqTVFPCrg,253K,-,Switzerland,,75.9K
96,Daniele Ganser @UCgrHgV7atBftQk8dXwIDktg,252K,1.8%,Switzerland,,75.6K
97,IIHF Worlds 2022 @UCtmgna7qB0oQF2oOcVgndbw,251K,-,Switzerland,,75.3K
98,Aditotoro @UC1brmo4a2K1MCcl6BX-bUAA,246K,-,Switzerland,,73.8K
99,Passe-moi les jumelles @UCW3--jh4FUnSxw-gofzKnqg,245K,0.4%,Switzerland,,73.5K
100,jjennyss @UCdVIMJyRT6MDDI2rcFJJmJw,243K,0.1%,Switzerland,,72.9K
