#,NAME,FOLLOWERS,ER,COUNTRY,TOPIC OF INFLUENCE,POTENTIAL REACH
1,Ridwan Kamil @ridwankamil,431K,1.11%,Indonesia,Politics,129.3K
2,"Deddy Corbuzier, Ph.D @mastercorbuzier",401.8K,0.67%,Indonesia,Entertainment & Music,120.5K
3,Raditya Dika @raditya_dika,367.3K,0.63%,Indonesia,Entertainment & Music Funny,110.2K
4,anya geraldine @anyageraldine,332.3K,0.62%,Indonesia,Product Showcase,99.7K
5,Luna Maya @lunamaya,313.3K,0.43%,Indonesia,Beauty & Self Care Entertainment & Music,94K
6,Gisella Anastasia @gisel_la,234.4K,-,Indonesia,family,70.3K
7,Shopee Indonesia @shopee_id,231.1K,0.11%,Indonesia,Product Showcase,69.3K
8,Tasya Farasya @tasyafarasya,221.5K,0.24%,Indonesia,Beauty & Self Care,66.5K
9,Dinda Hauw @dindahw,212.1K,0.82%,Indonesia,Beauty & Self Care,63.6K
10,Cipeng | TIRTA @dr.tirta,186.7K,0.11%,Indonesia,Fitness & Health,56K
11,NIKI @nikizefanya,182.1K,-,Indonesia,Entertainment & Music,54.6K
12,Felix Siauw @felixsiauw,176K,1.72%,Indonesia,Education,52.8K
13,Ricky Harun @rickyharun,169.5K,0.47%,Indonesia,Fashion & Accessories Product Showcase,50.9K
14,INDOZONE - #KAMUHARUSTAU @indozone.id,166.7K,0.11%,Indonesia,Entertainment & Music Media,50K
15,detikcom @detikcom,164.8K,0.18%,Indonesia,News,49.5K
16,Karin Novilda @awkarin,164.5K,0.66%,Indonesia,Life & Society,49.3K
17,ANDRE SARWONO @makanterusss,163.1K,0.23%,Indonesia,Food Travel,48.9K
18,Dian Sastrowardoyo @therealdisastr,161K,0.28%,Indonesia,Acting & Drama family Outdoor Activity Education,48.3K
19,sunny @aurakasih,156.7K,0.66%,Indonesia,Animals,47K
20,Oki Setiana Dewi @okisetianadewi,150.3K,1.1%,Indonesia,Beauty & Self Care,45.1K
21,Fakta Info Psikologi 🌐 @indo_psikologi,146.4K,0.43%,Indonesia,Education,43.9K
22,Djbutterfly36🇮🇩🇹🇭 @dj_kattybutterfly36,145.7K,0.3%,Indonesia,Entertainment & Music,43.7K
23,Ｍｉｃｈｅｌｌｅ Ｚｉｕｄｉｔｈ ｗ @michelleziu,144.4K,0.47%,Indonesia,Art Arts & Crafts,43.3K
24,thoriq halilintar @thariqhalilintar,141.6K,1.41%,Indonesia,Entertainment & Music,42.5K
25,Raden Rauf AM @radenrauf,133.6K,1.18%,Indonesia,Auto and Vehicles,40.1K
26,Muzammil Hasballah 🇮🇩 @muzammilhb,132.8K,0.68%,Indonesia,Education,39.8K
27,Jharna Bhagwani @jharnabhagwani,130.7K,0.33%,Indonesia,Entertainment & Music,39.2K
28,Refal hady @refalhady,128.1K,1.43%,Indonesia,Travel,38.4K
29,Alfy Saga @alfysaga,120.3K,1.38%,Indonesia,Fashion & Accessories,36.1K
30,Giladiskon Indonesia @giladiskonn,110.8K,0.04%,Indonesia,Finance,33.2K
31,Wika Salim @wikasalim,109.8K,0.71%,Indonesia,Fashion & Accessories,32.9K
32,Syakir Daulay @syakirdaulay,109.8K,1.39%,Indonesia,Lifestyle & Society,32.9K
33,Sri Wulandari Guritno 🇮🇩🇬🇧 @wulanguritno,108.3K,0.42%,Indonesia,Entertainment & Music,32.5K
34,Ernest Prakasa @ernestprakasa,105.6K,0.97%,Indonesia,Entertainment & Music Arts & Crafts,31.7K
35,AFC @theafchub,105.4K,0.25%,Indonesia,Sports,31.6K
36,Verrell Bramasta @bramastavrl,102.4K,0.37%,Indonesia,Fashion & Accessories,30.7K
37,CNN Indonesia @cnnindonesia,102.2K,0.2%,Indonesia,News & Media,30.7K
38,Aurélie Moeremans @aurelie,101.2K,0.52%,Indonesia,Fashion & Accessories,30.4K
39,CoppaMagz @coppamagz,100.9K,1.6%,Indonesia,Entertainment & Music Arts & Crafts,30.3K
40,Kementerian BUMN RI @kementerianbumn,97.7K,0.08%,Indonesia,Finance,29.3K
41,Benjamin Master Adhisurya @iben_ma,90.2K,1.22%,Indonesia,,27K
42,TR @teukuryantr,89K,1.76%,Indonesia,Product Showcase,26.7K
43,KFC Indonesia @kfcindonesia,87.9K,-,Indonesia,Food,26.4K
44,INDOMARET @indomaret,87.8K,0.17%,Indonesia,Finance,26.3K
45,CITA RAHAYU @cita_citata,87.2K,0.56%,Indonesia,Entertainment & Music,26.1K
46,Yura Yunita @yurayunita,85.3K,1.38%,Indonesia,Entertainment & Music,25.6K
47,Badminton Indonesia @badminton.ina,82.7K,-,Indonesia,Sports,24.8K
48,Kompas.com @kompascom,81.1K,0.12%,Indonesia,News,24.3K
49,BMKG @infobmkg,80.7K,0.4%,Indonesia,Nature,24.2K
50,Dalang Pelo @dalang.pelo,80.6K,0.18%,Indonesia,Entertainment & Music Arts & Crafts,24.2K
51,Korea Reomit @hansoljang110,79.6K,0.32%,Indonesia,Education,23.9K
52,Fakta Indo | Berita Indonesia @fakta.indo,79.5K,0.16%,Indonesia,Education Life & Society,23.8K
53,M. Brisia Jodie Maurine @brisiajodie96,79K,0.53%,Indonesia,Entertainment & Music,23.7K
54,Arie Untung @ariekuntung,78.5K,0.52%,Indonesia,Education,23.6K
55,Risa Saraswati @risa_saraswati,77.7K,0.6%,Indonesia,Entertainment & Music,23.3K
56,Bobon Santoso @bobonsantoso,77K,0.79%,Indonesia,Food,23.1K
57,Nex Carlos @nexcarlos,76.8K,0.52%,Indonesia,Food Travel,23K
58,Yummy @yummy.idn,76.5K,0.08%,Indonesia,Food,23K
59,Febby Rastanty @febbyrastanty,76.2K,2.13%,Indonesia,Fashion & Accessories,22.8K
60,DISKON / PROMO / SALE / KATALOG BELANJA @katalogpromosi,73.3K,0.06%,Indonesia,Finance Product Showcase,22K
61,Sophia Latjuba @sophia_latjuba88,73.2K,0.21%,Indonesia,Beauty & Self Care,22K
62,Ranty Maria @rantymaria,72.9K,1.47%,Indonesia,Education Upskilling,21.9K
63,tirto.id @tirtoid,71.9K,0.1%,Indonesia,Education Product Showcase,21.6K
64,Fatma S. Zar @fatmasarizar,71.2K,0.42%,Indonesia,Beauty & Self Care Fashion & Accessories Product Showcase,21.4K
65,Nana Mirdad @nanamirdad_,71.2K,0.63%,Indonesia,Fashion & Accessories,21.3K
66,COMPASS® @sepatucompass,70.9K,0.32%,Indonesia,Fashion & Accessories,21.3K
67,Bittersweet by Najla @bittersweet_by_najla,70.5K,0.15%,Indonesia,Fashion & Accessories Product Showcase,21.2K
68,Gojek Indonesia @gojekindonesia,69K,0.26%,Indonesia,Travel,20.7K
69,ᴄʜɪᴄᴄᴏ ᴊᴇʀɪᴋʜᴏ ᴊᴀʀᴜᴍɪʟɪɴᴅ @chicco.jerikho,68.8K,0.31%,Indonesia,Travel Food Entertainment & Music,20.6K
70,KompasTV @kompastv,67.6K,0.08%,Indonesia,Entertainment & Music,20.3K
71,Salim A. Fillah @salimafillah,67.5K,1.54%,Indonesia,Religion,20.2K
72,JCO Donuts & Coffee @jcoindonesia,67.3K,0.11%,Indonesia,Food,20.2K
73,Kementerian Kominfo @kemenkominfo,66.4K,0.17%,Indonesia,Education Technology,19.9K
74,ᑭutri ᗪelina✨ @putridelinaa,65.4K,0.7%,Indonesia,Entertainment & Music,19.6K
75,Harris Illanno Vriza @harrisvriza,64.6K,0.76%,Indonesia,Fashion & Accessories,19.4K
76,Persebaya @officialpersebaya,62.8K,1.48%,Indonesia,Sports,18.8K
77,Azriel Hermansyah @azriel_hermansyah,62.6K,0.69%,Indonesia,Photography Product Showcase Auto and Vehicles,18.8K
78,Tya Ariestya @tya_ariestya,62.6K,0.34%,Indonesia,Fitness & Health,18.8K
79,Badminton Talk @badmintalk_com,62.2K,0.15%,Indonesia,Sports,18.7K
80,AndreaDian @andreadianbimo,61.7K,0.37%,Indonesia,Fitness & Health,18.5K
81,Arif Muhammad @arifmuhammaddd_,61.7K,0.19%,Indonesia,Food,18.5K
82,Pizza Hut Indonesia 🍕 @pizzahut.indonesia,61.7K,0.09%,Indonesia,Food,18.5K
83,Drama Ojek Online Indonesia @dramaojol.id,61.4K,0.14%,Indonesia,Funny,18.4K
84,tempo.co by Tempo Media Group @tempodotco,61.2K,0.13%,Indonesia,Education,18.3K
85,Ananda Omesh @omeshomesh,60.6K,0.44%,Indonesia,Entertainment & Music Acting & Drama,18.2K
86,@nkcthi,59.7K,0.37%,Indonesia,Entertainment & Music Life & Society Product Showcase,17.9K
87,Jennifer Bachdim @jenniferbachdim,59.6K,0.48%,Indonesia,family Outdoor Activity Travel,17.9K
88,Mrs. Corbuzier | Beauty Creators @sabrinachairunnisa_,59.2K,0.74%,Indonesia,Beauty & Self Care Fashion & Accessories Sports,17.8K
89,BAYU SKAK @moektito,58.8K,0.63%,Indonesia,Entertainment & Music,17.6K
90,Generasi 90an @generasi90an,58.2K,0.1%,Indonesia,Entertainment & Music Arts & Crafts,17.5K
91,Alifhia Fitri @alifhiafitri,57.8K,1.57%,Indonesia,Product Showcase,17.3K
92,Indosiar @indosiar,57.7K,0.65%,Indonesia,Entertainment & Music,17.3K
93,IDX CHANNEL @idx_channel,56.4K,0.12%,Indonesia,Entertainment & Music,16.9K
94,Hawaariyyun @hawaariyyun,54.7K,0.95%,Indonesia,Entertainment & Music Education,16.4K
95,TRANS7 @officialtrans7,54.6K,0.2%,Indonesia,Entertainment & Music,16.4K
96,Ardhito Pramono @ardhitopramono,53.8K,1.31%,Indonesia,Photography Art & Crafts,16.1K
97,Basuki T Purnama @basukibtp,53.8K,0.63%,Indonesia,Politics Life & Society,16.1K
98,Telkomsel @telkomsel,53.4K,0.02%,Indonesia,Product Showcase,16K
99,Yayasan Indonesia Bertauhid 🔵 @indonesiabertauhidofficial,53.4K,0.05%,Indonesia,Education,16K
100,Stephanie Poetri @stephaniepoetri,53.4K,0.33%,Indonesia,Entertainment & Music,16K
