#,NAME,FOLLOWERS,ER,COUNTRY,TOPIC OF INFLUENCE,POTENTIAL REACH
1,Davie504 @UCgFvT6pUq9HLOvKBYERzXSQ,12.6M,-,Italy,,3.8M
2,Born2Kill @UCNpNPMjP5S3qvXnUS0KRepw,9M,0.3%,Italy,,2.7M
3,Serie A @UCBJeMCIeLQos7wacox4hmLQ,8.3M,-,Italy,,2.5M
4,FavijTV @UCSFC5Cio8zaLQDFPxA7y_HQ,6.4M,-,Italy,,1.9M
5,Me contro Te @UCfGk2x9k0vE14OoMlifGLCg,6.3M,0.1%,Italy,,1.9M
6,iPantellas @UCD-aXv7CMezGSTfxmKAD6Ag,5.8M,-,Italy,,1.7M
7,Warner Music Italy @UC9PZVgJF-mX4aDDzLE4z5Zg,5.8M,-,Italy,,1.7M
8,Rai @UCKUzdt2sELyxd6mz-bAx3bA,4.9M,-,Italy,,1.5M
9,Ameli TVIT @UC9FqpQX13mX-lLBWlTZ6Q0Q,4.6M,-,Italy,,1.4M
10,WhenGamersFail ► Lyon @UC1OGV4dczjRz8wNLRaezJ5Q,4.5M,0.1%,Italy,,1.3M
11,St3pNy @UCMggu4tZ2N6SD4FebIbMDpA,4.4M,0.3%,Italy,,1.3M
12,Måneskin Official @UCgQna2EqpzqzfBjlSmzT72w,4.3M,-,Italy,,1.3M
13,Film&Clips @UCNT5YLfnn2cQGIxGw8iOxJQ,4.2M,-,Italy,,1.3M
14,5 MINUTI CREATIVI @UCYzJ25VqINzsrrdPyBNpbAg,4.1M,-,Italy,,1.2M
15,Masha e Orso @UCSH8CjSBSMnD1gYvTOyjREw,4.1M,-,Italy,,1.2M
16,Daniele Vitale Sax @UCaQhy_pdgjkcVeh6bIfoVlg,4M,0.2%,Italy,,1.2M
17,Juventus @UCLzKhsxrExAC6yAdtZ-BOWw,3.7M,-,Italy,,1.1M
18,HALIDONMUSIC @UCyOfqgtsQaM3S-VZnsYnHjQ,3.5M,-,Italy,,1M
19,DisneyJuniorIT @UClb8YSegoA2ZRSSXqXlFJaA,3.1M,-,Italy,,918K
20,Lionfield @UCHwpDpLoyJgtFXoAaaSut4Q,3M,-,Italy,,909K
21,ilvostrocaroDexter @UCNo7m7faHS9t3nSDfWXvGww,3M,-,Italy,,891K
22,Surry @UC3V8twsHOUBGvM_xsQ_4ZJg,3M,0.3%,Italy,,888K
23,BUM! @UC8Lq46YDnbQMAXhAfc7hr7A,3M,0.1%,Italy,,888K
24,IL LATO POSITIVO @UC-yUaDGthx7mENfSxd81qfg,3M,-,Italy,,885K
25,Dolci Melodie @UC9WUMVR1jsan7IleT_bolsQ,2.9M,-,Italy,,870K
26,Two Players One Console @UCpyDd4YbikHZE-DtNGfpdjQ,2.9M,-,Italy,,855K
27,Fanpage.it @UCWJhBqnyVdHAuxexgjghNFw,2.8M,-,Italy,,846K
28,The Perfect Home @UC6rWB83cxqfb72-HEagGv2Q,2.8M,-,Italy,,840K
29,DisneyChannelIT @UCTLBJ_2dg5G109qFR34wRRA,2.7M,-,Italy,,819K
30,Ghali @UCY5rq0soTIK6hPbn8kejgMg,2.7M,-,Italy,,810K
31,Marcello Barenghi @UCcBnT6LsxANZjUWqpjR8Jpw,2.7M,-,Italy,,810K
32,Fashion Channel @UCepVy23t8l-CEaASZzfo9Jg,2.7M,-,Italy,,807K
33,JMMates @UCgzT6VaCrpF3QLZQa6ZcNcg,2.6M,-,Italy,,780K
34,Matt & Bise @UCuIn6yReJxMfn1zf7fd-M1Q,2.6M,-,Italy,,774K
35,Stella ASMR @UCJ1XeP1hg9K-8XJN9OdApjw,2.5M,-,Italy,,744K
36,Giallozafferano Italian Recipes @UChxU-cVEOaJOwCaSuBoZ9Qg,2.4M,-,Italy,,723K
37,Davidlap @UCdVHWfWPwwiOzMHpcwEATmA,2.4M,0.5%,Italy,,714K
38,Scottecs @UCqSmyuqVNwklKKlqqdMmV_A,2.3M,0.6%,Italy,,687K
39,Nickelodeon Italia @UCsHe74knLccbgec6WdGAkPQ,2.2M,-,Italy,,660K
40,FedezChanneL @UCxmtnN8xFnnJmXS5LdP6eMA,2.2M,-,Italy,,654K
41,kishinpain @UCzG9rE-_zcI0yN5Vvt39M_w,2.1M,1.6%,Italy,,633K
42,CoccoleSonore @UCfEcBFEBd8DutdOo8NXpj_w,2.1M,-,Italy,,630K
43,WB Kids Italiano @UCSMrqS8IssKKIILuz48IGSA,2M,0.1%,Italy,,615K
44,GiampyTek @UCDz3CjAc51W-YtsxYtSPZXg,2M,0.6%,Italy,,612K
45,Sespo @UCMsWbGu0Ahx6c4o0qEbbLmw,2M,0.6%,Italy,,612K
46,fazz160 @UCNLReGxOCGDExjb7pjPuPcA,2M,-,Italy,,606K
47,Awed ™ @UCQQo9hHxHi8gzfFuJSn5-kg,2M,1.3%,Italy,,603K
48,Sfera Ebbasta @UCMG7SfUy9pOybrhXEhEkdVQ,2M,-,Italy,,594K
49,Riccardo Dose @UCM3r1mXf1sQRdW3UDz3CLBg,2M,1.5%,Italy,,591K
50,Planet Records Official @UCCXpJXESxS2GPzteN-s3jrA,2M,0.5%,Italy,Music,588K
51,Jakidale @UCz-KJn98sMCPW5kjG0ZnE-Q,1.9M,-,Italy,,567K
52,Lamborghini @UC9DXZC8BCDOW6pYAQKgozqw,1.9M,-,Italy,,567K
53,LOKMAN @UC62pVrrS3crLJXwVmenKAuA,1.9M,-,Italy,,561K
54,SpJockey @UC1GAMi8OhcorAwIEvYMdySA,1.8M,0.5%,Italy,,552K
55,Kids Tv Italiano - canzoni per bambini @UCv2quJy0NKOIA3MOdtarxig,1.8M,-,Italy,,549K
56,Me contro Te Music @UCwjrf475hoHRJZc5SMnZzng,1.8M,3.7%,Italy,,543K
57,Diego Rox Oficial @UCZcpoE-o9lKEa_F2orF4D3w,1.8M,0.8%,Italy,,540K
58,Energy TV @UC5eYHWDQqAsiKlnvLCz-ezg,1.8M,-,Italy,,531K
59,Luca Lattanzio @UC2ICoQB9ulLpElbQTf1IR9w,1.8M,-,Italy,,531K
60,Feinxy @UCMNFWE0hUtrWPVY0I1qIC4Q,1.8M,0.3%,Italy,,528K
61,Gianmarco Zagato @UCIJRzMxARIhYwuLiSG8YVlA,1.8M,0.5%,Italy,,528K
62,GBR - Giochi per Bambini e Ragazzi @UC-fqetpMe8rFuBeQ4bpl3Jw,1.7M,0.1%,Italy,,516K
63,JOk3R @UC8zerSNZ6ankNbtTgI5Rw2Q,1.7M,-,Italy,,516K
64,Fabio Rovazzi @UCVD7R3rgt7kaLMlP7-Gn0rw,1.7M,5.2%,Italy,,513K
65,Grax @UCD1iDvLrcf0RwYOM_3_FIbA,1.7M,0.3%,Italy,,510K
66,GaBBoDSQ @UCck1Wrv-6h44db16OL4geOQ,1.7M,-,Italy,,510K
67,Luis @UCOJX435vN5rW1EE-w71tetQ,1.7M,5.3%,Italy,,501K
68,TPOC Plays @UCvDUogE-9kyjbKxxyBGj_4g,1.7M,-,Italy,,501K
69,Famiglia Suricata @UCZbWaNAOp0gZC8rAj3Wjxyg,1.6M,-,Italy,,492K
70,DinsiemE @UC0zUezMTgb3yqxwFz2djmYw,1.6M,0.2%,Italy,,489K
71,Marjia Mimi @UCv5D3kIYeNlgiA2vZ0XYdMQ,1.6M,-,Italy,,483K
72,Mattiz @UCIwWkPe5yq_jq1_1d2bC05w,1.6M,-,Italy,,483K
73,Sbriser @UCL774lR4nQzxfK-q9a6JHMw,1.6M,-,Italy,,465K
74,Asmr With Sasha @UCzp8yn9rUEHL-jqJdSFEONw,1.6M,0.2%,Italy,,465K
75,AlexKidsTV Italiano @UChslgp5EVigKTI7LjkZltpw,1.5M,0.3%,Italy,,462K
76,GommeBlog.it: Car & Performance @UCl5ijI4ZXN2ki7PeQajbFrA,1.5M,-,Italy,,459K
77,CaptainBlazer @UCpqjHfsP7Ptt8UpbdZ8oSdg,1.5M,0.3%,Italy,,459K
78,Giallozafferano recipes @UC76vuUkGWnPUDFWcgM2_yMg,1.5M,-,Italy,,456K
79,Ricette dolci @UCeLJCiGRIZuj8N8TKJAveVA,1.5M,0.2%,Italy,,456K
80,SAFAA @UCLcXeKotX5iu7nIjDUkRUyQ,1.5M,-,Italy,,456K
81,yotobi @UCIPsK5xspHC3-ZFNPTx2X_w,1.5M,-,Italy,,450K
82,Silvia & Kids @UCbZ3zgWBMHZetLCWyMbzrFw,1.5M,0.1%,Italy,,444K
83,Klaus @UCv9mVb-ptWuKznMUu1yZb_g,1.5M,2.1%,Italy,,444K
84,LorenzIST @UCRXg7QtCY1K2k4IdtLnrE4A,1.5M,-,Italy,,441K
85,Stef&Phere @UCARGfPTYHpP6M21SYsTy6pg,1.5M,0.8%,Italy,,441K
86,FRENCHMOLE @UCNcv_YXlMmKmEBaNqOpMEYA,1.5M,0.8%,Italy,,435K
87,Peppa Pig Italiano - Canale Ufficiale @UCS1SHyxP0UhAg84AKamy3jA,1.5M,-,Italy,,435K
88,S7ORMy @UC4fLWR5uoe66S8spSO3V0gw,1.4M,0.4%,Italy,,432K
89,sodin @UC8SRCEyQvw2yF9TLIBeOlVQ,1.4M,0.1%,Italy,,426K
90,Fitness recipes @UC-nw1PHhZL0W21S8UN85b8w,1.4M,1.1%,Italy,,426K
91,Casa delle Bambole @UCGZu4bm64Xjh-omIcqiqmSA,1.4M,-,Italy,,414K
92,GoldenGianpy @UCiof9YSQHD2cawGJXZ8DyBA,1.4M,0.3%,Italy,,414K
93,Infinito @UCFG6NvNAkXfe-C3cemqTJfg,1.4M,-,Italy,,411K
94,ClioMakeUp @UCZ0jA5BlUHXwBEqVpjiau3Q,1.4M,0.1%,Italy,,408K
95,Dread @UCUoC4hn4QbU55ZdxzOsKJ_A,1.4M,-,Italy,,408K
96,POW3Rtv @UCE_NXDkvRb-91JBjEmfdDVA,1.4M,0.2%,Italy,,408K
97,ilMasseo @UCH5dV7XjIpPGtqYlHXtG20Q,1.4M,3.7%,Italy,,405K
98,Anita Stories @UC9ZZe-4uKTgPEK-FCWiiXDw,1.4M,0.1%,Italy,,405K
99,Nick Radogna TV @UCaGQh5lmPvro4fjw3-Nyf1g,1.3M,-,Italy,,402K
100,Master Sina @UCbGf9U2ziPn1JPkWpS-Ffcg,1.3M,0.2%,Italy,,402K
