#,NAME,FOLLOWERS,ER,COUNTRY,TOPIC OF INFLUENCE,POTENTIAL REACH
1,Omega Berrio 🇵🇦😎 @omegaberrio,2.7M,-,Panama,Entertainment and Music,810K
2,bing bing @bingbing.market,1.6M,-,Panama,Arts and Crafts,480K
3,BARBIE 🇵🇦 @_barbieross,965.7K,-,Panama,,289.7K
4,jflow @jflow_507,928.5K,-,Panama,,278.6K
5,Karen @kkarenlauu,764.1K,-,Panama,,229.2K
6,paola viale @paolaaviale,763.5K,-,Panama,Fitness Fashion,229.1K
7,💕 Karly 💕 @holakarlyland,759.5K,-,Panama,,227.9K
8,Katherine Cruz⚡️ @kathcrush,742.6K,-,Panama,Entertainment and Music,222.8K
9,Alex @mynameisalex___,732K,-,Panama,,219.6K
10,Urane viviana @urane_viviana_01,725.2K,-,Panama,,217.6K
11,Sofi @hatecheeselovepizza,712.2K,-,Panama,,213.7K
12,cindyortega0093 @china2789new,684.2K,-,Panama,,205.3K
13,Henry Alexander @henrryalexanderpty,656.5K,0.1%,Panama,,197K
14,ZLOTHRIC 2.0 @zlothric2.0,656.3K,1.1%,Panama,Food,196.9K
15,Brian Andre @brianandres_,647.2K,-,Panama,Funny,194.2K
16,Sechmusic @sechmusicoficial,646.4K,-,Panama,Entertainment and Music,193.9K
17,Elisama @elisama.a.a,625.2K,-,Panama,,187.6K
18,Mateo @mateop8690,620.1K,-,Panama,,186K
19,Nathalie Pino @nathaliepino1,607.6K,-,Panama,,182.3K
20,Irisbeilin @irisbeilin,595.7K,-,Panama,Beauty and Self Care,178.7K
21,Ana Lorena Ronco @lorena_ronco,581K,-,Panama,,174.3K
22,ivaneloy @ivaneloy0,566.5K,-,Panama,,170K
23,David.Mojica @davidmojica217,562.2K,0.1%,Panama,Pets,168.7K
24,Jay Wheeler Panamá 🇵🇦 @jaywheelerpa,557.2K,0.2%,Panama,Entertainment and Music,167.2K
25,La_VozKid_Global @la_vozkid_global,553K,-,Panama,,165.9K
26,상사 @lion_sangsa,551.6K,-,Panama,,165.5K
27,Mr. Bucktron👨🏽‍💻 @rogeliobucktronar,543.5K,0.2%,Panama,Education Arts and Crafts,163.1K
28,joeymontanaoficial @joeymontanaoficial,542.2K,-,Panama,,162.7K
29,Katherine cruz⚡️ @katherinecruzmm,532.6K,0.5%,Panama,,159.8K
30,Reynier David ✓ @blackmooouth,515.6K,0.1%,Panama,,154.7K
31,Roux Siblings @rollin.with.the.rouxs,499.3K,-,Panama,,149.8K
32,Abraham T Pravia P @abrahamtpraviap,498.5K,-,Panama,Pets,149.6K
33,Marelissa @marelissahim,489.1K,-,Panama,,146.7K
34,Ariel Bosso5 @arielbosso,484.8K,0.1%,Panama,,145.4K
35,Nemz.official @s.nemz,477.2K,0.2%,Panama,,143.2K
36,DecoArt Wallpaper St @decoartwallpapers,476.4K,-,Panama,,142.9K
37,Linneth🇵🇦 @mafiosa.ff_,459.4K,0.1%,Panama,,137.8K
38,JULIAN TORRES @juliantorresoficial,451.1K,0.1%,Panama,Entertainment and Music,135.3K
39,deondra ✪ @asvp.deondraa,425.4K,-,Panama,,127.6K
40,Lamuneca22_ @lamuneca22_,423.8K,-,Panama,,127.1K
41,@javieriin_,405.8K,1.5%,Panama,,121.7K
42,Claudia_tapasco @tapasco_claudia,401.8K,-,Panama,Fitness,120.5K
43,Alan music @alancrisstiktok,398.1K,0.1%,Panama,,119.4K
44,Capuchina🤍 @capuchina114,388.1K,-,Panama,,116.4K
45,TheOmegaPlay 🇵🇦 @theomegaplay,380.3K,-,Panama,Entertainment and Music,114.1K
46,Mar Chelo 507 @marchelo507,369.3K,-,Panama,,110.8K
47,Mao Gomez @maoogomez,367.6K,-,Panama,,110.3K
48,Noa Muñoz @nannyyyy16,362K,-,Panama,Travel,108.6K
49,Elias'Caballero.Herrerax.w29 @herrera.xw29,359.7K,-,Panama,,107.9K
50,Cubilla @tlacuaycuache_,355.7K,-,Panama,,106.7K
51,ＧＩＳＳＥＬღ @xm.gissel,350.4K,0.1%,Panama,,105.1K
52,Ley @yazpadilla29,347.1K,-,Panama,,104.1K
53,Leslie.minaj @leslie.zion,346.3K,-,Panama,,103.9K
54,GRIIEZMANN @griiezmann,346.2K,-,Panama,,103.9K
55,DOPAMINA @dopaminagrill,345.2K,-,Panama,,103.6K
56,Brandon Lau Fitness @blau_fitness,337.1K,-,Panama,Fitness,101.1K
57,Kelly Graham @kgrahamfitness,331.1K,-,Panama,,99.3K
58,AarianMartínez @aarianmartinez,327.4K,-,Panama,,98.2K
59,Xavier 🤟🏻 @soyxavy,324.1K,-,Panama,,97.2K
60,callmelexo @callmelexo21,321K,-,Panama,,96.3K
61,🔥Navs⚡️ @navy_ca,319.9K,-,Panama,,96K
62,Roberto James @robertojames27,316.3K,-,Panama,,94.9K
63,Ruben 🇵🇦 @ruben.reaction,314.3K,-,Panama,,94.3K
64,Cieloalii @cieloalii_,312.2K,-,Panama,,93.7K
65,The Chris Phillips @thechrisphillips_,308K,0.2%,Panama,,92.4K
66,Thecocolinpa @thecocolinpa,307.3K,0.1%,Panama,,92.2K
67,B i a n c a🌻 @biancanguz,306.9K,-,Panama,,92.1K
68,🇵🇦🤟🏽 @reelstyle_,306.1K,-,Panama,,91.8K
69,Yiyi.22 @yiyi.22,305.2K,-,Panama,,91.6K
70,OMAN @omanpug,304.9K,-,Panama,,91.5K
71,beckygpa @beckygpa,298.9K,-,Panama,,89.7K
72,𝕭𝖎𝖈𝖍𝖔𝖙𝖔😈 @aimar.oficial,297.8K,1.9%,Panama,,89.3K
73,😎 @videos.virales56,296.2K,-,Panama,,88.9K
74,La Reina Del Flow 2 @lareinadelflow.pty,295K,0.1%,Panama,,88.5K
75,Lulú @lourdesdeleonjaen,289.2K,-,Panama,,86.8K
76,🌟Génesis Malavé 👑 @genesismalave01,271.4K,-,Panama,,81.4K
77,ThemanoloV @themanolov,266.3K,0.1%,Panama,,79.9K
78,Anabel Cordoba Rodri @anabelc_507,264.1K,0.2%,Panama,,79.2K
79,nicolepinto22 @nicolepinto22_,260.8K,-,Panama,,78.2K
80,I S A I 🇵🇦 @isaibarriosv,260.3K,0.2%,Panama,Entertainment and Music,78.1K
81,Jo Rose @jo_ro26,249K,-,Panama,,74.7K
82,Nahum Clarke @nahumclark,248.9K,0.3%,Panama,,74.7K
83,Simp hub @simpinnn..hubbb,248.1K,-,Panama,,74.4K
84,Moisés Anel👑 @moisesanell,247K,-,Panama,,74.1K
85,Liz ☺️ @lizbinghan,246.2K,-,Panama,,73.9K
86,Leydi v @leydivv20,244.2K,-,Panama,,73.3K
87,trapitoscalientes @trapitoscalientes,243K,-,Panama,,72.9K
88,Daluna Kraemer @lasuperdalu,242.4K,-,Panama,,72.7K
89,Juliette Roy @julespty,240.5K,-,Panama,Acting and Drama,72.2K
90,Luisana Galindo @imluisanag,240.5K,-,Panama,Art,72.2K
91,ElviejoFreestyle @elviejofreestyle,236K,0.1%,Panama,,70.8K
92,isairismusic @isairismusic,234.8K,-,Panama,Entertainment and Music,70.4K
93,Yhony Bryan @yhonybryan,233.9K,-,Panama,,70.2K
94,kathlyn Rovira @kathlynrovira,233.6K,-,Panama,,70.1K
95,Memes_Pty_23 @memes_pty_23,224.7K,0.2%,Panama,,67.4K
96,sandrasandovals @sandrasandovals,214.9K,0.1%,Panama,,64.5K
97,Rosa Elena🌸 @_elenaa27.ff,212.2K,-,Panama,,63.7K
98,Made💀✨ @made.dcc,207.3K,-,Panama,,62.2K
99,Esther Basher A. @estherbasherart,206.8K,1.2%,Panama,,62K
100,jeancgordon4 @jeancgordon4,206.3K,0.1%,Panama,,61.9K
