#,NAME,FOLLOWERS,ER,COUNTRY,TOPIC OF INFLUENCE,POTENTIAL REACH
1,Mimonona Stories @UCXc5x7W5pwn-xz2g2nGTDQQ,7M,-,Panama,,2.1M
2,WindyGirkTV @UCnAPC3MYciLYIpu5m8x-a3A,3.4M,-,Panama,,1M
3,panamamusic @UCtD0-H8t7Fh97Q7y-pXG3sQ,1.9M,-,Panama,,564K
4,Ideas y Manualidades @UCmrif0tPA90NvGZCv_FnhTQ,1.8M,-,Panama,,531K
5,Mgascon @UCehKFyuaU-z-_I0To2_ANjg,1.8M,1.7%,Panama,,525K
6,Parecen Noticias Extra @UCr9xpZl2qNsZiv2acatQVvg,1.7M,-,Panama,,507K
7,Javi Ghan @UChW2uNPprKZEw-3L0yPbl_g,1.6M,-,Panama,,483K
8,La Chama @UC1TAhRcqw4Qyxt2Ab8tgpwA,1.5M,-,Panama,,438K
9,TP Resurrection @UC7bB2twFWCiFWNOfj2Xb06g,1.4M,0.1%,Panama,,414K
10,Giova @UCbMAfL0TzvWjrGPKsSj6HdA,1.2M,0.3%,Panama,,369K
11,ByLiaN @UCJHEXNnX6Yn1tqo7_CKO68Q,1.1M,0.5%,Panama,,327K
12,JasperDev @UCZMfh_hkI_IprkYpyRI-Aog,1.1M,-,Panama,,324K
13,Boza Oficial @UC8ebER2BnZCsocCWJc47RUA,950K,0.9%,Panama,,285K
14,ElisBethM @UC6-YfCJqoiblUunqFjZMD1A,814K,0.2%,Panama,,244.2K
15,Xsequias @UCUL1dW-nv-75a4aWGRcAzIg,772K,-,Panama,,231.6K
16,José Peláez @UCAQc0WboiyFnfoA_sj0KjSg,616K,-,Panama,,184.8K
17,SMARTpro Academy @UCqtA50lNwtNAg6S0UkI5bxw,540K,0.2%,Panama,,162K
18,Fani_crochet @UCD1Ws5xxya9xkyWfLVi88XA,528K,-,Panama,,158.4K
19,Brin @UC4jlzJyMNQkkcEcCN3EFG7g,495K,2.6%,Panama,,148.5K
20,Plantas Medicinales de Roylenis @UCkl7qsnAmDSkXHSuPl6nygQ,456K,-,Panama,,136.8K
21,Makano Oficial @UC5Idt_b4TTNKgVw64s-aTcA,418K,0.2%,Panama,,125.4K
22,MADI MELENDEZ @madimelendez,408K,-,Panama,,122.4K
23,Materia Cris @UCc_e7jRMTn7KfSfLKPvKnyg,362K,0.8%,Panama,,108.6K
24,LuisDev @UCM1KXfxdj74K3D7MpJWk7Vw,330K,33.8%,Panama,,99K
25,Tuner Garage @UCogBBnpXklLiRf_IfZEu4rA,308K,2%,Panama,,92.4K
26,HINEBRO @UCEZ15DQZsDVqYc1_rNWx2yg,305K,-,Panama,,91.5K
27,Samsung Latinoamérica y Caribe @UCYuwIJpesKZiU6qxayMq0Lg,274K,-,Panama,,82.2K
28,Keneth YT @UCW89iEJuCoVjJLlZsceFXow,269K,0.1%,Panama,,80.7K
29,Oxitocina Magazine @UCB721ZXX_VnKFc4TzbE--2w,261K,-,Panama,,78.3K
30,Luise @UCk50rn1BUbpUE8jnze8UDUg,246K,-,Panama,,73.8K
31,Amie lps XD @UC2Z78GFRsxBnUbLqoiwyMng,239K,1.6%,Panama,,71.7K
32,Pastor Moises Bell @UCJybhDoN14E_8NIYwkDP0MQ,229K,0.8%,Panama,,68.7K
33,Jonathan Heres @UCrIACdLpa4zB9LqhQSqQUYA,225K,-,Panama,,67.5K
34,QUE XOPA PANAMA @UC9awV5hh6GdNCw9i6HHmA2g,224K,-,Panama,,67.2K
35,Impacto MMA - MMA en ESPAÑOL @UCsOqRu-Y0vUS5tt8jJhud4A,210K,0.1%,Panama,,63K
36,Ideas de Grandeza @UC9doKzLeanBnxei09I3BThg,187K,3.7%,Panama,,56.1K
37,Quiropractico Chiriqui @UCfumJ7w-ftjtqupEop3WuTw,185K,-,Panama,,55.5K
38,Soy Jorge Pinzon @UCod5sbMaValD3OhvzA3SyZg,182K,0.2%,Panama,,54.6K
39,Telemetro @UCm-EJjdw2bKskUFF5YyWYog,177K,-,Panama,,53.1K
40,CyberZone @UCAtB9mvpwFgG8cgVpikgn1g,169K,-,Panama,,50.7K
41,At' Fat @UClKlNqju-8wvHpfBYyL9ddA,158K,-,Panama,,47.4K
42,Rafita Se DIVIERTE @UClyKZZaOqfivINOhyxOiUJg,157K,2.5%,Panama,,47.1K
43,[Tarot para Escorpio] Katie McLaughlin @UCA9GwmtQJ-fTBkI3joU5D_g,156K,0.7%,Panama,,46.8K
44,Kiffen Beats @UCnfmOjxm-9fCwexfLqE72jA,150K,0.1%,Panama,,45K
45,•Marilul• @UCc4hQgYEIg4Tz8amGt4Jn4g,146K,-,Panama,,43.8K
46,Nocturnos Gaming @UCQJJ2kXHMYcU2x7F0wkuyNg,144K,-,Panama,,43.2K
47,Yemil @UCqxNFxHPLrxE8corzC4O4Ew,144K,6.5%,Panama,,43.2K
48,Ernesto Schnack @UCz1PeIEiNkKRwWDKFA6RkzQ,143K,1.2%,Panama,,42.9K
49,ChocoFer @UCnIxQVK3QWKM33PhVyH3m5A,140K,-,Panama,,42K
50,Wasson YT @UCDZdSy4VOttQH1JQO8xF3jw,138K,0.1%,Panama,,41.4K
51,La orbita cristiana @UCfKrNVsDZd_cE1Peo-Hm0EQ,137K,-,Panama,,41.1K
52,Leonardo Dalessandri @UCoKqHHnOOhAXCu6OXcwUYGg,131K,50%,Panama,,39.3K
53,NEX Panamá @UCOAoOcI_fIW5qHufD9_vLmQ,129K,-,Panama,,38.7K
54,Chamaco @UCy79fumIOnk4OcDO6WI7vyw,126K,-,Panama,,37.8K
55,PixelBox @UCclV3H-Rs7YMk7yRMI4JGaw,120K,0.2%,Panama,,36K
56,Omar Alfanno @UC5SCYT0gWOYrserU0kZoOkA,119K,-,Panama,,35.7K
57,Baby Wally @UCxbpWctxdlPztlHcfu8zgDQ,118K,1.9%,Panama,,35.4K
58,Ayudinga! @UC5mFkCrQ_7A-B6EkXZFlTGg,118K,-,Panama,,35.4K
59,Elisama @UCksa3P25ryrXZforVSiiZdA,114K,0.5%,Panama,,34.2K
60,Anyuri Musica @UCUB34YxSkjQFMmHQAv9aNhA,114K,5.4%,Panama,,34.2K
61,Jchanel @UCHSNuCXT-YDEi36Br_pbIaA,112K,22.1%,Panama,,33.6K
62,Italian Somali @UCiBZoJdjkLfE-tA4fzM-e0g,111K,-,Panama,,33.3K
63,TrunksDBS @UCJaWwG_brsE_pfkrfHJpQ7w,108K,-,Panama,,32.4K
64,Telemetro Reporta @UCeFTJ001tE38wOXKgPvK1XQ,106K,-,Panama,,31.8K
65,Diego De Obaldia @UCA3aNXk8I5YCFOP7LOdyeiA,105K,-,Panama,,31.5K
66,Cripto Avances @UCgbrVy4r4hLOb4XzRRKRUXQ,102K,-,Panama,,30.6K
67,Jayah Tarot @UC8JzNNoWWzAyTO-ifLFPAbQ,98K,-,Panama,,29.4K
68,Samy y Sandra Sandoval Oficial @UCHiYINu8Qia0errOc_ZK2PA,97.9K,-,Panama,,29.4K
69,Nex Noticias @UCJpHUoKOGjaW0AEi7hQkmsQ,92.4K,-,Panama,,27.7K
70,Nenito Vargas [Canal Oficial] @UCTrLTG0R0cbojYIv-ogpCkQ,88.6K,0.4%,Panama,,26.6K
71,Jorge Gómez Oficial @UCaMu4esvV4r-sv0ie8j5fIg,88.3K,0.8%,Panama,,26.5K
72,Quien TV @UCbFBCJn0mXPqSXcSky4gGoQ,88.1K,-,Panama,,26.4K
73,Sexoterica Panama @UCkOBXPeoykAH3QNPfHjHchA,87.6K,-,Panama,,26.3K
74,Alfredo Escudero [Canal Oficial] @UCx4Zs_oeTGpNJV9XmiVRsGQ,87.2K,-,Panama,,26.2K
75,ReCrearte Club @UCgf6UsGz8ooyPUm929RV5ZQ,87.1K,-,Panama,,26.1K
76,LA FAMA TV PANAMA @UCTXYFIqz0egIIaRxmGVDpBw,84.9K,-,Panama,,25.5K
77,Tu Parking Latino @UCGZUC6AimiWNZ7Zcdhd8pew,81.6K,0.5%,Panama,,24.5K
78,Tiny Houses @UCCLtzn1pft02q0xWt_eMGVQ,81.3K,0.8%,Panama,,24.4K
79,Alejandro Torres oficial @UCwpNoQ_KDCnbq1YwX6VYpgg,79.9K,-,Panama,,24K
80,LOLO RAMIREZ OFICIAL @UCN6HlmlcSZt-2-y8wOYQtMQ,79.7K,-,Panama,,23.9K
81,Dubosky @UCRVetLFQ2jVAlc8FFgJPfPg,77.9K,0.2%,Panama,,23.4K
82,[The Pisces Club] by Katie McLaughlin @UCepZJiJeFRm8xpe4yQEIJ3A,76.3K,1%,Panama,,22.9K
83,Club 4x4 Panama @UCsTwn-GEpzEMrVo5EmGZKaw,75.1K,-,Panama,,22.5K
84,Dani G. Schulz @UC4nD-5icyKhX1PQsuCmAvtw,74.6K,2%,Panama,,22.4K
85,Jhonathan Chavez Oficial @UCjIr4PtneAy4amZ8oGkBT4g,73.3K,2.8%,Panama,,22K
86,CC&D C H A N N E L @UC6EtQz1ejKCrND5tPdk8X7g,71.6K,0.2%,Panama,,21.5K
87,IDEAS EN CONSTRUCCION @UCcUJ4S8jMs-xZ5sx5cInnyw,70.8K,-,Panama,,21.2K
88,Filmaciones Robles @UCjYXDj7M-dzSkc-d474jctw,69.8K,-,Panama,,20.9K
89,Melfi @UCGWtZGFaCBjQa0iVxa8-JYQ,69.8K,3.4%,Panama,,20.9K
90,Mictia00 @UCs9dcaJOSU3tj0zJRls6W2w,69.7K,-,Panama,,20.9K
91,LA CAMARA PARRANDERA @UCFYBG17gnl8CIER_-uPSHlg,69.7K,-,Panama,,20.9K
92,Tony Cajiga @UC2bfcRZ7SuHbnjAgX7uy9Vg,69.1K,-,Panama,,20.7K
93,Dj Ito C3 @UC37R-W4GTOTurmtdcPHIJ8w,68.7K,0.3%,Panama,,20.6K
94,Head & Shoulders Latinoamérica @UCtESw35C8UBsDOyVgpImnhg,68K,-,Panama,,20.4K
95,SERTV Panamá @UCIDGxZUVJQUJsrbKV-lzhTw,67.7K,-,Panama,,20.3K
96,Tass Loco507 @UCiFoN4nNsMaX154yaM3rEMw,67.2K,-,Panama,,20.2K
97,LaMejorAsesoríaEducativa @UCtsoTmZWcz0VmTLbpPn3Y3w,66.6K,0.1%,Panama,,20K
98,PLENA 507 @UCzEhVKxV2ydyxqsRn3lSaeQ,65K,-,Panama,,19.5K
99,Freddy IH @UCE7tGp3xhliSm_VYVgdzvbw,65K,-,Panama,,19.5K
100,OFFCOURSE @UCneWK-sFxp8uaI-It-m2SvA,63K,0.1%,Panama,,18.9K
