#,NAME,FOLLOWERS,ER,COUNTRY,TOPIC OF INFLUENCE,POTENTIAL REACH
1,LISA @lalalalisa_m,102.2M,7.02%,South Korea,Singer,30.7M
2,BTS official @bts.bighitofficial,74.4M,2.32%,South Korea,Entertainment and Music Music Band Singer,22.3M
3,SUGA of BTS 민윤기 @agustd,48.7M,9.67%,South Korea,Entertainment and Music Music Musician Band,14.6M
4,Jin of BTS @jin,48M,15.54%,South Korea,Art Music Artist,14.4M
5,이민호 leeminho @actorleeminho,35.1M,4.6%,South Korea,Actors,10.5M
6,이지금 IU @dlwlrma,31.4M,10.75%,South Korea,Entertainment and Music Celebrity Modeling,9.4M
7,TWICE @twicetagram,28.8M,1.42%,South Korea,Art Music Band Modeling,8.6M
8,Stray Kids @realstraykids,27.8M,3.67%,South Korea,Entertainment and Music Band Music Music of Asia,8.3M
9,권지용(權志龍) @xxxibgdrgn,22.4M,3.1%,South Korea,Entertainment and Music Adventure Entertainment,6.7M
10,SOMI @somsomi0309,19.7M,3.14%,South Korea,Modeling Styling Singer Artist,5.9M
11,Bretman Rock @bretmanrock,18.9M,3.78%,South Korea,Celebrity Video Blogger Celebrities Movie Character,5.7M
12,Hyuna Kim @hyunah_aa,18M,0.06%,South Korea,Music of Asia Singer,5.4M
13,황인엽 @hi_high_hiy,17.7M,11.92%,South Korea,Acting and Drama,5.3M
14,TOP 최승현🌙 @choi_seung_hyun_tttop,17.6M,0.72%,South Korea,Entertainment and Music,5.3M
15,NCT Official Instagram @nct,17.3M,0.09%,South Korea,Entertainment and Music Music Band Musician Band,5.2M
16,Song hyekyo @kyo1122,17.3M,6.31%,South Korea,Entertainment and Music Actors,5.2M
17,이동욱 (Official_Instagram) @leedongwook_official,17.2M,4.4%,South Korea,Acting and Drama Celebrity Actors Actor,5.2M
18,NCT 127 Official Instagram @nct127,16.6M,0.1%,South Korea,Entertainment and Music Music Modeling Bands Musicians,5M
19,TOMORROW X TOGETHER OFFICIAL @txt_bighit,15.8M,0.09%,South Korea,,4.7M
20,박신혜/Shin Hye Park @ssinz7,15.6M,3.62%,South Korea,Actors Singer Artist,4.7M
21,SM Entertainment Group @smtown,14.7M,0.51%,South Korea,Entertainment and Music Celebrity Music Singer,4.4M
22,김수현 Kim Soo Hyun 金秀賢 @soohyun_k216,14.4M,5.8%,South Korea,Entertainment and Music Gym Modeling Artist,4.3M
23,Mark Tuan @marktuan,14M,3.88%,South Korea,Entertainment and Music Music Actors,4.2M
24,MUN KA YOUNG @m_kayoung,13.1M,0.1%,South Korea,Actors,3.9M
25,Son HeungMin(손흥민)🇰🇷 @hm_son7,12.7M,6.16%,South Korea,Sports,3.8M
26,Red Velvet Official @redvelvet.smtown,12.1M,2.32%,South Korea,Entertainment and Music Music of Asia Styling,3.6M
27,송중기 songjoongki official @hi_songjoongki,12M,0.12%,South Korea,,3.6M
28,김유정 KIM YOU JUNG 🇰🇷 @you_r_love,12M,0.17%,South Korea,Fashion Modeling,3.6M
29,박형식 / PARKHYUNGSIK @phs1116,11.9M,13.09%,South Korea,Arts and Crafts Business,3.6M
30,(G)I-DLE (여자)아이들 @official_g_i_dle,11.8M,2.08%,South Korea,Entertainment and Music Music Modeling,3.6M
31,장원영 WONYOUNG @for_everyoung10,11.8M,0.16%,South Korea,,3.5M
32,aespa 에스파 @aespa_official,11.7M,0.51%,South Korea,Entertainment and Music,3.5M
33,TAEYONG @taeoxo_nct,11.4M,10.78%,South Korea,Entertainment and Music Celebrity Food and Drink,3.4M
34,SUHO @kimjuncotton,11.1M,0.24%,South Korea,Travel Music Boutique,3.3M
35,EXO Official @weareone.exo,10.8M,2.77%,South Korea,Entertainment and Music Singer Band,3.2M
36,위하준 Wi Ha Jun @wi__wi__wi,10.5M,6.89%,South Korea,Fashion Gym Modeling,3.1M
37,채영 CHAEYOUNG @chaeyo.0,9.9M,14.23%,South Korea,Music,3M
38,김선호 @seonho__kim,9.8M,0.19%,South Korea,Celebrity Gym Modeling,3M
39,SHINee KEY @bumkeyk,9.8M,1.9%,South Korea,Entertainment and Music Singer,2.9M
40,HUH YUNJIN @jenaissante,9.7M,0.16%,South Korea,,2.9M
41,미나 (MINA) @mina_sr_my,9.3M,12.61%,South Korea,,2.8M
42,WayV @wayvofficial,9.3M,0.13%,South Korea,Entertainment and Music Modeling,2.8M
43,ATEEZ(에이티즈) @ateez_official_,9.3M,0.16%,South Korea,Entertainment and Music Modeling Musician,2.8M
44,CHOIWOOSHIK @dntlrdl,9.2M,0.13%,South Korea,Celebrity Actor,2.8M
45,JUNGKOOK (전정국) Updates @jungkook_bighitentertainment,9.1M,8.62%,South Korea,Entertainment and Music,2.7M
46,TAEHYUNG (김태형) Updates @taehyung.bighitentertainment,9.1M,8.79%,South Korea,Art Entertainment and Music,2.7M
47,최시원 • Siwon Choi @siwonchoi,9M,2.55%,South Korea,Entertainment and Music Founder Marketing,2.7M
48,PONY 포니 @ponysmakeup,9M,0.11%,South Korea,Beauty and Self Care Fashion and Accessories Lifestyle,2.7M
49,다현 (DAHYUN) @dahhyunnee,8.9M,10.77%,South Korea,,2.7M
50,혜리 @hyeri_0609,8.7M,0.12%,South Korea,Beauty and Self Care Celebrity Singer,2.6M
51,LE SSERAFIM @le_sserafim,8.7M,6.48%,South Korea,Music,2.6M
52,김민규 @mingue.k,8.6M,10.48%,South Korea,Celebrity,2.6M
53,Joshua Hong @joshu_acoustic,8.6M,0.35%,South Korea,Entertainment and Music Music Singer,2.6M
54,정연 (JEONGYEON) @jy_piece,8.5M,0.18%,South Korea,Music,2.5M
55,SEOHYUN @seojuhyun_s,8.2M,0.14%,South Korea,Celebrity Music Music of Asia Singer,2.5M
56,LOVE MYSELF @bts_love_myself,8.1M,5.6%,South Korea,Education Celebrity,2.4M
57,승관 SEUNGKWAN @pledis_boos,7.9M,0.27%,South Korea,Entertainment and Music Singer,2.4M
58,SUGA (민윤기) Updates @suga_bighitentertainment,7.9M,16%,South Korea,Entertainment and Music,2.4M
59,마마무 (MAMAMOO) @mamamoo_official,7.8M,0.66%,South Korea,Entertainment and Music,2.3M
60,The8 디에잇 @xuminghao_o,7.7M,19.02%,South Korea,Singer,2.3M
61,Sooyoung Choi @sooyoungchoi,7.7M,0.14%,South Korea,Fashion Lifestyle Beauty,2.3M
62,YangYang 양양 @yangyang_x2,7.7M,0.16%,South Korea,Arts and Crafts Animation and Cosplay Entertainment and Music,2.3M
63,JIN (김석진) Updates @jin_bighitentertainment,7.4M,14.6%,South Korea,Art Entertainment and Music,2.2M
64,J-HOPE (제이홉) Updates @jhope_bighitentertainment,7.2M,9.68%,South Korea,Entertainment and Music,2.2M
65,TREASURE (트레저) @yg_treasure_official,6.9M,6.21%,South Korea,,2.1M
66,OFFICIAL MONSTA X @official_monsta_x,6.9M,1.55%,South Korea,Entertainment and Music Singer Music Songwriting,2.1M
67,Vernon 버논 @vernonline,6.8M,10.12%,South Korea,Art Entertainment Music,2M
68,LEE JENO @leejen_o_423,6.8M,29.36%,South Korea,Entertainment and Music,2M
69,설리가진리 (Sulli) @jelly_jilli,6.8M,16.39%,South Korea,Actors,2M
70,배우 이준기 李準基 @actor_jg,6.7M,3.15%,South Korea,Acting and Drama Celebrity Modeling,2M
71,Hyoyeon Kim @hyoyeon_x_x,6.7M,1.29%,South Korea,Entertainment and Music Music,2M
72,권유리 ʏᴜʀɪ ᴋᴡᴏɴ I’m GK @yulyulk,6.6M,1.74%,South Korea,Entertainment and Music Music Lifestyle,2M
73,이준호 @le2jh,6.5M,21.79%,South Korea,Music Actors,2M
74,Lomon 991111 @lomon991111,6.5M,14.98%,South Korea,Celebrity Actors,1.9M
75,@ggonekim,6.4M,3.59%,South Korea,Celebrity Gym Modeling,1.9M
76,아스트로 @officialastro,6.4M,4.39%,South Korea,Entertainment and Music Modeling,1.9M
77,BTS V 방탄소년단 뷔🐯 @bts_v,6.1M,1.58%,South Korea,Entertainment and Music Music Fan Pages,1.8M
78,WOOZI @woozi_universefactory,5.9M,9.82%,South Korea,Entertainment and Music Music,1.8M
79,방탄소년단 BTS 김남준 RM @btsnamjoon,5.8M,5.5%,South Korea,Singer Rap,1.7M
80,Amber Liu 刘逸云 @amberliu,5.6M,1%,South Korea,Art Singer Music Rap,1.7M
81,김희철 @kimheenim,5.6M,4.62%,South Korea,Entertainment and Music Singer,1.7M
82,써니 (Sunny) @515sunnyday,5.5M,3.24%,South Korea,Movies,1.6M
83,샤이니(SHINee) Official @shinee,5.4M,0.39%,South Korea,Entertainment and Music News Band Music,1.6M
84,이특 leeteuk @xxteukxx,5.3M,2.11%,South Korea,Entertainment and Music Singer,1.6M
85,JHOPE @bts_jhope,5.1M,6.83%,South Korea,Singer,1.5M
86,청하 CHUNG HA @chungha_official,5.1M,1.58%,South Korea,Entertainment and Music Singer,1.5M
87,Jisoo @actor_jisoo,5M,11.66%,South Korea,Celebrity Actors Modeling,1.5M
88,여진구 Yeo Jin Goo @yeojin9oo,4.9M,2.37%,South Korea,Entertainment and Music Actors,1.5M
89,윤찬영 Chan-young Yoon @yooncy1,4.9M,10.8%,South Korea,Celebrity,1.5M
90,Daniel Kang=강다니엘 @daniel.k.here,4.8M,4.27%,South Korea,Entertainment and Music,1.4M
91,Hari Won(하리원) @wonhari,4.7M,0.23%,South Korea,Entertainment and Music Arts and Crafts Music,1.4M
92,에릭남 Eric Nam @ericnam,4.6M,1.33%,South Korea,Entertainment and Music Music Actors,1.4M
93,안희연 @ahnanihh,4.6M,1.11%,South Korea,Music Singer Music of Asia,1.4M
94,효린 ʜʏᴏʟʏɴ of bridʒ 🎤🇰🇷 @xhyolynx,4.6M,0.48%,South Korea,Music Modeling,1.4M
95,박지훈 Park Jihoon @0529.jihoon.ig,4.5M,16.32%,South Korea,,1.3M
96,Jay Park / 박재범 ($hway bum) @jparkitrighthere,4.4M,2.9%,South Korea,Music,1.3M
97,강민혁 KANG MIN HYUK @mr_kanggun,4.3M,0.26%,South Korea,Entertainment and Music Skateboarding Modeling,1.3M
98,IVE 아이브 @ivestarship,4.2M,5.14%,South Korea,,1.3M
99,더보이즈(THE BOYZ) @official_theboyz,4.1M,3.16%,South Korea,Entertainment and Music Parenting,1.2M
100,서인국 Seo In Guk @seo_cccc,4.1M,11.59%,South Korea,Entertainment and Music,1.2M
