#,NAME,FOLLOWERS,ER,COUNTRY,TOPIC OF INFLUENCE,POTENTIAL REACH
1,Dee @deestroying,160.9K,0.27%,Costa Rica,Entertainment & Music Sports Life & Society,48.3K
2,Mücahit Muğlu @mucahitmuglu,80.2K,0.52%,Costa Rica,Nature Travel Photography,24.1K
3,BRENDA KELLERMAN @brenda_kellerman,52K,0.1%,Costa Rica,,15.6K
4,Grecia 🌊🎙️ @grecia,50.2K,0.12%,Costa Rica,Food,15.1K
5,Deportivo Saprissa @deportivo_saprissa,36.2K,0.68%,Costa Rica,Sports,10.9K
6,Costa @costaokis,35.4K,-,Costa Rica,Entertainment & Music Acting & Drama,10.6K
7,ale @alejandrosario,35.3K,1.01%,Costa Rica,,10.6K
8,Megha Gupta @meghaguptaofficial,33.7K,0.36%,Costa Rica,Acting & Drama Fitness & Health,10.1K
9,𝑲𝒆𝒚𝒍𝒂 𝑺𝒂𝒏𝒄𝒉𝒆𝒛 @keysg,26K,0.4%,Costa Rica,Fashion & Accessories family,7.8K
10,Sunfyre🍄 @sunfyretv,19K,1.35%,Costa Rica,Entertainment & Music,5.7K
11,Visit Costa Rica @visit_costarica,18.6K,-,Costa Rica,Travel,5.6K
12,Purp @purplemiami,17.1K,0.46%,Costa Rica,Entertainment & Music Outdoor Activity,5.1K
13,Edgar Silva @edgarsilvacr,16.5K,1.59%,Costa Rica,Life & Society,5K
14,La Nación @lanacion,15.7K,0.19%,Costa Rica,News & Journalism,4.7K
15,Jefferson Kellerman @jeffkellerman,15.6K,0.13%,Costa Rica,Fitness & Health Outdoor Activity,4.7K
16,Tome pal pinto @tomepalpintocr,13.6K,1.16%,Costa Rica,Funny Travel,4.1K
17,NCR Noticias Costa Rica @ncr_noticias,13.5K,0.08%,Costa Rica,News,4.1K
18,DIEGO BRAVO @eldiegobravo,12.9K,0.53%,Costa Rica,Entertainment & Music,3.9K
19,𝙅𝙖𝙡𝙚 𝘼 𝘾𝙤𝙢𝙚𝙧 @jale_a_comer,12.3K,0.19%,Costa Rica,Food Travel,3.7K
20,Sharon Segura @sharonsegurag,12.2K,0.29%,Costa Rica,Fashion & Accessories,3.7K
21,G i m a r i o @officialgimario,11.5K,2.05%,Costa Rica,,3.5K
22,Karina Campos @kariinacampos,11.4K,0.24%,Costa Rica,Fashion & Accessories Fitness & Health,3.4K
23,Max Rodriguez @immaxrodriguez,10.7K,2.37%,Costa Rica,Arts & Crafts,3.2K
24,Historia de Costa Rica @historiadecostarica,10.3K,0.65%,Costa Rica,Education,3.1K
25,María José Naranjo ❤️ @majonaranjo27,9.2K,0.44%,Costa Rica,Beauty & Self Care,2.8K
26,Caremonja @caremonja,8.9K,0.12%,Costa Rica,Lifestyle,2.7K
27,Descubre COSTA RICA 🇨🇷 @descubrecostarica,8.4K,0.21%,Costa Rica,Travel,2.5K
28,Ericka Morera @erickamorera,8.2K,0.52%,Costa Rica,Beauty & Self Care Parenting,2.5K
29,COSTA RICA COOL @costaricacool,7.9K,0.13%,Costa Rica,Travel Nature,2.4K
30,tavogamboa @tavogamboa,7.7K,0.27%,Costa Rica,Entertainment & Music Funny,2.3K
31,ＰＡＵＬＩＴＯ ＣＡＳＴＥＬＬＯＮ ＴＶ @paulito_castellon,7.4K,0.9%,Costa Rica,Entertainment & Music,2.2K
32,Valeria Rees Loria @vale_rees,7K,0.3%,Costa Rica,Entertainment & Music,2.1K
33,Edgar Murillo @guitamur,7K,0.16%,Costa Rica,Entertainment & Music Product Showcase,2.1K
34,Alexa chinchilla @alexa_2313,6.9K,0.43%,Costa Rica,Product Showcase,2.1K
35,Esteban Castillo @esteban_castillo,6.8K,0.45%,Costa Rica,Sports,2K
36,Toyota Costa Rica @toyotacostarica,6.4K,0.21%,Costa Rica,Auto and Vehicles,1.9K
37,mafe madriz @mafemadriz,6.4K,0.77%,Costa Rica,Nature Travel,1.9K
38,Así Come Ale @asicomeale,6.3K,0.2%,Costa Rica,Food,1.9K
39,Daniels Arv @daniels_arv,6K,0.44%,Costa Rica,Arts & Crafts,1.8K
40,kölbi @kolbi_cr,6K,0.14%,Costa Rica,Product Education Auto and Vehicles,1.8K
41,¿Hoy dónde estamos? by Emilio Valverde @dondeestamos,5.9K,0.17%,Costa Rica,Food Travel,1.8K
42,Hija de Tigre @hija_de_tigre,5.9K,0.11%,Costa Rica,Pets,1.8K
43,Valeria Sibaja @valesibajah,5.8K,0.21%,Costa Rica,Fitness & Health Education Management & Marketing,1.7K
44,Jair Cruz @jaircruzch,5.8K,0.25%,Costa Rica,Entertainment & Music,1.7K
45,Natalia Rodríguez @natyrodriguezcr,5.6K,0.28%,Costa Rica,Entertainment & Music,1.7K
46,FRANK LÓPEZ 🌟Dj Frank Platinum Crew🌟 @djfrank_platinum_crew,5.5K,-,Costa Rica,,1.7K
47,ADRIANA CORELLA OFFICIAL 🇨🇷 @adriana.corella.official,5.5K,0.5%,Costa Rica,Fashion & Accessories,1.7K
48,Luis Carlos Monge @luiscarlosmongep,5.2K,0.28%,Costa Rica,Entertainment & Music,1.6K
49,Pedro Capmany @capmany,5.1K,0.36%,Costa Rica,Entertainment & Music,1.5K
50,Krizz Solano @krizzsolano,4.9K,0.71%,Costa Rica,Life & Society,1.5K
51,Johan Venegas @johanvenegascrc,4.9K,-,Costa Rica,Sports,1.5K
52,Marcela Garcia @marcelagarcja,4.8K,-,Costa Rica,Outdoor Activity Sports,1.4K
53,BorisAlonso @borisalonso7,4.7K,0.56%,Costa Rica,Outdoor Activity Fitness & Health Fashion & Accessories Product Showcase,1.4K
54,𝑪𝒂𝒕𝒂 𝑭𝒓𝒆𝒆𝒓 @catafreer,4.6K,0.39%,Costa Rica,Fashion & Accessories,1.4K
55,Emily Gussoni @emigussoni10,4.5K,0.18%,Costa Rica,Travel Food,1.3K
56,Pizza Hut CR @pizzahutcr,4.2K,0.51%,Costa Rica,Food,1.3K
57,Sebastian Tames @sebastiantames_,4.2K,0.64%,Costa Rica,Entertainment & Music,1.3K
58,Pablo Gabas @gabascr,4.1K,0.36%,Costa Rica,Sports,1.2K
59,"Diay, es mi consejo. @diayesmiconsejo",4.1K,0.32%,Costa Rica,Fitness & Health Education,1.2K
60,S T E V E P E R E Z⁷ @steveperezm,4.1K,0.24%,Costa Rica,Home & Garden,1.2K
61,Sebastian Jara Krasinski @chef_sebastianjarakrasinski,4.1K,0.24%,Costa Rica,Food,1.2K
62,J O R G E V I N D A S | V O I C E T A L E N T @jorgevindasm,4K,0.23%,Costa Rica,Arts & Crafts,1.2K
63,D A N I E M @daniemmusic,3.8K,0.39%,Costa Rica,Entertainment & Music,1.1K
64,DAVID DUMA @dumadavid,3.8K,-,Costa Rica,Fitness & Health Fashion & Accessories,1.1K
65,Taco Bell Costa Rica @tacobellcr,3.7K,0.41%,Costa Rica,Food,1.1K
66,𝙻𝚒𝚣𝚣𝚢 🌺 𝙲𝚊𝚜𝚝𝚛𝚒𝚕𝚕𝚘 @liz_castrillo,3.7K,0.26%,Costa Rica,Sports,1.1K
67,Yokasta Valle @yokavalle_oficial,3.7K,0.9%,Costa Rica,Sports,1.1K
68,Kryssia Jinesta @elviajedelavidablog,3.7K,0.21%,Costa Rica,Travel,1.1K
69,Yuliana Salazar @yulis20,3.6K,0.23%,Costa Rica,Beauty & Self Care Entertainment & Music Product Showcase,1.1K
70,Karolina Zamora @karozamoram,3.6K,0.43%,Costa Rica,,1.1K
71,Joaquin Yglesias Luconi @joaquinyglesias,3.6K,0.31%,Costa Rica,Entertainment & Music,1.1K
72,Leilani McGonagle💖🙈 @leilanimcgonagle,3.4K,0.37%,Costa Rica,Sports,1K
73,Liberty Costa Rica @movistar_cr,3.3K,0.24%,Costa Rica,Product Education,1K
74,Paddle9 @paddle9,3.3K,0.09%,Costa Rica,Outdoor Activity Sports Travel,993
75,Deco 2.0 @deco2.0,3.3K,0.05%,Costa Rica,Design Event Planning Lifestyle,993
76,𝐋𝐀𝐔𝐑𝐀 𝐏𝐄𝐑𝐃𝐎𝐌𝐎 𝐑 @lauraperdomoramirez,3.1K,0.04%,Costa Rica,Health & Fitness,939
77,Mirianne Brûlé @miriannebrule,3.1K,0.13%,Costa Rica,Acting & Drama Food Travel,930
78,Nati | Healthy Happiness @hhmag.com_,3.1K,0.12%,Costa Rica,Fitness & Health,930
79,Dr. Carlos Hernández Cuevas MD MS @dr.carlos_her,3.1K,0.74%,Costa Rica,Health Wellness Education,924
80,ReggaeWorld® @reggaeworldcr,3K,0.74%,Costa Rica,Entertainment & Music,888
81,yousef 🧜🏾‍♂️ @yousefbabb,2.9K,0.24%,Costa Rica,Photography,861
82,Alex Alvarado P @alexalvaradop,2.8K,0.14%,Costa Rica,Entertainment & Music,846
83,Gabriela Amaya @gaamaya,2.8K,0.18%,Costa Rica,Fashion & Accessories Food Travel,834
84,ᕼᗩᑎᘔᕮᒪᒪ ᑕᗩᖇᗷᗩᒪᒪO @hanzellcarballo,2.8K,0.41%,Costa Rica,Music Religion,831
85,Alejandro Ramirez @makeupby_alejandro,2.7K,0.37%,Costa Rica,Beauty & Self Care Fashion & Accessories,816
86,KC Bikinis 👙 @kc_bikinis,2.7K,0.09%,Costa Rica,Fashion & Accessories,813
87,3rd World Hustler 🇵🇦🇺🇸🇩🇪 @thonysabana,2.5K,0.23%,Costa Rica,Entertainment & Music,747
88,Zelene Gutiérrez @zelesinlimites,2.5K,0.27%,Costa Rica,Travel Finance,735
89,TATIANA ELIZONDO🌺 @tatianaelizondo18,2.4K,0.31%,Costa Rica,Travel family,732
90,Ile Quirós @ileequiros,2.4K,-,Costa Rica,Fitness & Health Outdoor Activity Sports,726
91,Jose Antonio Lara Brenes @joselarax,2.4K,0.13%,Costa Rica,Entertainment & Music Funny,714
92,Humana @humana.shop,2.4K,-,Costa Rica,Fashion & Accessories Beauty & Self Care,708
93,Andy Ríos @andyriosma,2.3K,0.15%,Costa Rica,Games,690
94,Pura Vida! @lavida_puravida,2.2K,0.09%,Costa Rica,Travel,666
95,JAEL ORTIZ | FITNESS @jaleasfit,2.2K,0.74%,Costa Rica,Fitness & Health,654
96,𝙈𝙖𝙮 𝘼𝙡𝙛𝙖𝙧𝙤 𝙋𝙚𝙧𝙘𝙝𝙞𝙣𝙨𝙠𝙮 @maymooncr,2.2K,0.38%,Costa Rica,Beauty & Self Care Travel,651
97,Lindsan @lindsanx,2.2K,0.49%,Costa Rica,Entertainment & Music,648
98,Mau Madriz @maumadriz,2.1K,0.41%,Costa Rica,Entertainment & Music,639
99,Silvi @silvivallejo,2.1K,-,Costa Rica,Travel,639
100,Wesly Fernández @weslytattoos,2.1K,-,Costa Rica,Arts & Crafts,618
