#,NAME,FOLLOWERS,ER,COUNTRY,TOPIC OF INFLUENCE,POTENTIAL REACH
1,sinadeinert @sinadeinert,5.7M,0.1%,Germany,,1.7M
2,YZ @youneszar,4.4M,-,Germany,Entertainment and Music,1.3M
3,Enrique @enriquestory,4.1M,-,Germany,Arts and Crafts,1.2M
4,Julia Beautx @juliabeautx,3.8M,-,Germany,Beauty and Self Care Education Product Education Product Showcase,1.1M
5,Andrew Glazunov @andrewglazunov,3.7M,-,Germany,,1.1M
6,Jeremy Fragrance @jeremyfragrance,3.6M,-,Germany,Beauty and Self Care Entertainment and Music,1.1M
7,toni.kr8s_academy @toni.kr8s_academy,3.1M,-,Germany,Sports,930K
8,foodie beats @foodie.beats,2.9M,-,Germany,Food,870K
9,tinaneumann @tinaneumann,2.8M,-,Germany,,840K
10,AИDREA @andrea_subotic,2.8M,-,Germany,Entertainment and Music,840K
11,Fabian Maurice Baggeler @fabian.baggeler,2.7M,-,Germany,Entertainment and Music,810K
12,Serge❤️ @laskynn,2.7M,-,Germany,Fashion and Accessories,810K
13,Laura Sophie @laurasophie,2.6M,-,Germany,,780K
14,Любовь @tykowkaaa,2.6M,-,Germany,,780K
15,Mariia Well @mariia.well,2.5M,-,Germany,,750K
16,Irina @irinkamagic,2.4M,-,Germany,Entertainment and Music,720K
17,Mike Singer @mikesinger,2.4M,-,Germany,Entertainment and Music,720K
18,د.اسماعيل الطراد 🇩🇪 @dr.ismaeilaltourad,2.3M,0.2%,Germany,Education,690K
19,TypischCalvin 🇩🇪 @typischcalvin,2.3M,-,Germany,Entertainment and Music,690K
20,Lucy🌸🍃 @e.l.u.c.e.y,2.3M,-,Germany,Education Arts and Crafts,690K
21,Michael Gerber @elsuizolatino,2.2M,-,Germany,,660K
22,Derya @derya.tavas,2.1M,0.1%,Germany,Beauty and Self Care,630K
23,Jul 💘 @mylifeasjul,2.1M,-,Germany,Fashion and Accessories,630K
24,Niclas @niclas.kuri,2M,-,Germany,,600K
25,SENDDICTED @senddicted,2M,-,Germany,,600K
26,🇩🇪أميرة❤️ الأناقة 🇲🇦 @latifa.style,2M,-,Germany,Beauty and Self Care Fashion and Accessories,600K
27,wissensbert @wissensbert,2M,0.1%,Germany,Education,600K
28,Chris Böhm @chris_boehm,1.8M,-,Germany,Entertainment and Music,540K
29,Henry Nguyen @henry.ng,1.8M,-,Germany,,540K
30,Hao @haofx,1.7M,1.3%,Germany,Entertainment and Music,510K
31,Liam Carpenter @liamcarps,1.6M,7%,Germany,Funny,480K
32,Xenia Adonts @xeniaadonts,1.5M,-,Germany,Fashion and Accessories,450K
33,Rezo @rezo,1.5M,0.1%,Germany,,450K
34,𝐶𝑖𝑛𝑡𝑖𝑦𝑎 BB @sine0,1.5M,-,Germany,Entertainment and Music,450K
35,🇹🇷𝑆𝐸𝑀𝐼𝐻 & 𝐼𝑀𝐴𝑁🇩🇪 @imsem.diary,1.4M,0.1%,Germany,Entertainment and Music,420K
36,mrsxanna.lyx @mrsxanna.lyx,1.4M,-,Germany,,420K
37,Can Der Koch @canderkoch,1.4M,-,Germany,Entertainment and Music,420K
38,Davide Scibetta @davide__scibetta,1.3M,-,Germany,Beauty and Self Care,390K
39,Jihoon Kim @jihoneysweet,1.3M,-,Germany,,390K
40,Uri @ducuri.gmv,1.3M,-,Germany,Entertainment and Music,390K
41,Nictures @nictures,1.2M,-,Germany,Arts and Crafts Photography,360K
42,Weniamin Schmidt @weniamin_schmidt,1.1M,1.8%,Germany,,330K
43,Melikes.kitchen @melikes.kitchen,1.1M,-,Germany,Food,330K
44,Paula🤍 @paula.plsi,1.1M,-,Germany,Beauty and Self Care Life and Society,330K
45,NetflixDE @netflixde,1.1M,-,Germany,Entertainment and Music Video Gaming,330K
46,Next Level @next8level,1.1M,-,Germany,Funny Entertainment and Music,330K
47,bestattungenburger @bestattungenburger,1.1M,0.1%,Germany,,330K
48,⚡️ DENKI DARLING ⚡️ @denki.darling,1.1M,-,Germany,,330K
49,@felixfranciscoleg @felixfranciscoleg,1M,-,Germany,,300K
50,Michael Smolik @michael__smolik,1M,-,Germany,Entertainment and Music,300K
51,Marvintsp @marvintsp,997.6K,-,Germany,Entertainment and Music,299.3K
52,baseweekly @baseweekly,987K,-,Germany,Sports,296.1K
53,Linos @iamlinos,983.9K,-,Germany,Entertainment and Music,295.2K
54,madison beer @madisonbeer_clips,983.8K,0.1%,Germany,,295.1K
55,Faruk @farukaltiinok,983.3K,0.1%,Germany,,295K
56,Armin Eagle @armineagle,981.7K,-,Germany,,294.5K
57,༒ . GRUBLIEBE . ༒ @grubliebe,980K,-,Germany,,294K
58,Teamyasta @teamyasta,978.8K,-,Germany,Entertainment and Music family,293.6K
59,مزين 🌸🎀 @mzayen1996,970.4K,-,Germany,,291.1K
60,Anna Jamfm @annajamfm,967.9K,-,Germany,,290.4K
61,"Sarah, Van Diego & Rico @vandiego.rico",967.7K,-,Germany,Pets Sports,290.3K
62,Lea @heylea,962.4K,-,Germany,Outdoor Activity,288.7K
63,🅝🅘🅚🅞 @nikothec,958.7K,0.5%,Germany,Education Product Education,287.6K
64,asmir @asmirbeatbox21614,958.3K,-,Germany,,287.5K
65,Janis_danner @janis.danner,958.2K,-,Germany,,287.5K
66,iamzuckerpuppe @iamzuckerpuppe,957.1K,-,Germany,Funny,287.1K
67,Florian Kaulen @flo.fs,954.8K,-,Germany,Sports,286.4K
68,Selma🤠 @notselma,951.7K,-,Germany,Fashion and Accessories,285.5K
69,Angel 🌷 @janakaaplen,948.3K,-,Germany,,284.5K
70,1halay1dans @1halay1dans,946.4K,-,Germany,,283.9K
71,Hey Dima @heydima1,945K,0.5%,Germany,Entertainment and Music Funny,283.5K
72,Gialu | Gio @mx.gialu,941.7K,-,Germany,Beauty and Self Care,282.5K
73,luca @lucamolisina,941.5K,-,Germany,Food,282.5K
74,Bella @meraki.mami,940.4K,-,Germany,family Pets,282.1K
75,Nik @adhdvision,937.7K,0.1%,Germany,Education Fitness and Health,281.3K
76,Mexify @mexify,936.9K,0.6%,Germany,,281.1K
77,joeysjungle @joeysjungle,931.6K,0.1%,Germany,,279.5K
78,Knossi 🤴 @therealknossi,931.4K,-,Germany,Entertainment and Music Games,279.4K
79,nbao.t @nbao.t,930.7K,2%,Germany,Entertainment and Music,279.2K
80,𝑧𝑎ℎ𝑟𝑎 𓆩❤︎𓆪 @zahrairm,930K,-,Germany,Fashion and Accessories Beauty and Self Care,279K
81,Tims Minecraft Memes @tims_minecraft_memes_de,929.6K,-,Germany,Video Gaming,278.9K
82,DustinTT @dustintt,929.2K,-,Germany,,278.8K
83,Grenzgaenger @grenzgaenger_official,929.1K,-,Germany,,278.7K
84,Mamaafrika ❤️ @mamaafrikaa1,928K,-,Germany,Fashion and Accessories,278.4K
85,CheerBrothers | Music & Fun ✅ @cheerbrothersmusic,927.1K,-,Germany,Entertainment and Music,278.1K
86,Deichmann @deichmann,926.6K,-,Germany,Fashion and Accessories,278K
87,Viet @vietshao,923K,5.8%,Germany,Entertainment and Music,276.9K
88,Official Kamaal @kamaal_official,920.5K,-,Germany,,276.2K
89,نور🌸 @rbahdablouni,919.9K,-,Germany,,276K
90,KingLuigee @kingluigeee,919.4K,-,Germany,,275.8K
91,mayte meyer :) @maytemeyer,915.6K,-,Germany,Entertainment and Music,274.7K
92,sebpic @sebpic_,914.7K,-,Germany,Travel,274.4K
93,can_alihan @can_alihan,912.2K,0.1%,Germany,,273.7K
94,Doppelgänger @real.doppelganger,910.3K,11.4%,Germany,Entertainment and Music,273.1K
95,Rebecca Mir @rebeccamir,905.2K,-,Germany,Fashion and Accessories Celebrity,271.6K
96,Khubaib_alhamad @respect__boss13,904.8K,-,Germany,,271.4K
97,@Amine_el_marroki @amine_el_marroki,904.4K,-,Germany,,271.3K
98,MarquiseNF™ @_marquise,896.6K,0.5%,Germany,Entertainment and Music,269K
99,glam garbage @trashohr,896.3K,-,Germany,Beauty and Self Care,268.9K
100,NICK🧑🏼‍🦱 @nzuumk,893.2K,-,Germany,,268K
