#,NAME,FOLLOWERS,ER,COUNTRY,TOPIC OF INFLUENCE,POTENTIAL REACH
1,Amr Diab @amrdiab,649.8K,0.73%,Egypt,Entertainment & Music,194.9K
2,Al Ahly SC @alahlyegypt,579.8K,1.03%,Egypt,Sports Entertainment & Music,174K
3,Kinda Alloush كندة علوش. @kindaalloush,391.1K,-,Egypt,Acting & Drama,117.3K
4,هند صبري @hendsabri,252.1K,0.54%,Egypt,Acting & Drama,75.6K
5,هيفاء حسوني Haifa Hassony @haifa_hassony,250.3K,1.83%,Egypt,Entertainment & Music,75.1K
6,CBC Egypt @cbcegypt,240.3K,0.15%,Egypt,Entertainment & Music News,72.1K
7,Ramy Sabry @ramysabry8,171.2K,0.29%,Egypt,Entertainment & Music,51.4K
8,Salama Mohamed | سلامه محمد @salamamohamed,162.3K,-,Egypt,Beauty & Self Care Fashion & Accessories,48.7K
9,Ramy Gamal @ramygamalmusic,159.5K,0.33%,Egypt,Entertainment & Music,47.8K
10,Hossam Atef Farouk @antikkahossam,158K,0.3%,Egypt,Photography,47.4K
11,محمد الشرنوبي @sharnouby,151.3K,0.04%,Egypt,Acting & Drama Entertainment & Music,45.4K
12,Salma abdelazeem @salma_abdelazeem66,148K,0.47%,Egypt,Fashion & Accessories Influencer,44.4K
13,عُلا عبدالحميد| ᴏʟᴀ ᴀʙᴅᴇʟʜᴀᴍɪᴅ @olaabdelhamid_,129.5K,0.71%,Egypt,Entertainment & Music,38.8K
14,Randa Elbehairy @randaelbehairyofficial,125.8K,0.16%,Egypt,Entertainment & Music Romance & Wedding,37.7K
15,Ahmed Elsheikh @ahmedelsheikh_22_,125.3K,0.6%,Egypt,Sports,37.6K
16,Mohamed Mekawy محمد مكاوي @mohamedmekawy,121.9K,0.23%,Egypt,Entertainment & Music,36.6K
17,Hassan El Shafei @hassanelshafei,113.8K,-,Egypt,Entertainment & Music Arts & Crafts,34.1K
18,Shimaa Saber @shimaasaber,113.3K,0.36%,Egypt,Entertainment & Music Education,34K
19,Mariam El Khosht @mariam.el.khosht,111.1K,0.14%,Egypt,Entertainment & Music Animals,33.3K
20,Hisham Gamal @hishamgamalbb,110.2K,-,Egypt,Entertainment & Music Acting & Drama,33.1K
21,Abdulhalim Barakat @haleem_official,107.3K,0.36%,Egypt,Acting & Drama Upskilling,32.2K
22,Almasry Alyoum @almasryalyoum,106.2K,0.09%,Egypt,News,31.9K
23,Amal Reda | أمال رضا @amal_aboalmgd,103.3K,0.74%,Egypt,,31K
24,Remood Places @remood.places,102.1K,-,Egypt,Travel,30.6K
25,Dalia Mostafa @daliamostafaac,101.2K,0.46%,Egypt,Acting & Drama,30.4K
26,Menna Elzohairy|منة الزُهيري @menna_elzohairy3030,98.8K,0.47%,Egypt,Beauty & Self Care,29.6K
27,Alaa Ghozy @alaa_ghozy,98.7K,0.38%,Egypt,Photography,29.6K
28,Dr.Mahmoud senara د.محمود سنارة @dr.mahmoud.91,98.3K,0.39%,Egypt,,29.5K
29,Wael Gomaa @waelgomaa6,93.5K,-,Egypt,Sports,28K
30,Diab . دياب @diabel3aw,92.5K,0.29%,Egypt,Entertainment & Music Acting & Drama,27.8K
31,Alia awwe | Egyptian Blogger @aliaawwe,92.2K,0.17%,Egypt,Entertainment & Music,27.7K
32,Renad Emad | ريناد عماد @renademadd,91.7K,0.79%,Egypt,Fashion & Accessories,27.5K
33,Aziz Maraka عزيز مرقة @azizmaraka,90.6K,1.1%,Egypt,Entertainment & Music,27.2K
34,Farah Shabaan @farahshabaann,87.9K,0.39%,Egypt,Entertainment & Music,26.4K
35,Mohamed Abd Elrahman @mo_abdelrahman,82.6K,0.43%,Egypt,Acting & Drama,24.8K
36,شبكة رصد @rassdnewsn,82.5K,0.07%,Egypt,Education News,24.7K
37,CairoScene @cairoscene,79.1K,0.02%,Egypt,Education Entertainment & Music Travel,23.7K
38,Darine Haddad @dareen_haddad,78.1K,0.45%,Egypt,Acting & Drama,23.4K
39,Raniaa Yehia @raniaayehia,71.8K,0.35%,Egypt,Beauty & Self Care Fashion & Accessories,21.5K
40,Jihane Khalil @jihane_khalil,71.4K,0.2%,Egypt,,21.4K
41,Kareem Esmail @kemotivation,68.3K,1.02%,Egypt,Fitness & Health Education,20.5K
42,Seif Zahran @iamseifzahran,66.8K,0.31%,Egypt,,20.1K
43,Nesma @nesmamamdouh1,65.8K,0.16%,Egypt,Beauty & Self Care,19.7K
44,Mirna El Helbawi @mirna_elhelbawi,65K,0.34%,Egypt,Arts & Crafts Writing,19.5K
45,Hassan Abouelrouss @hassanabouelrouss,62.8K,-,Egypt,Entertainment & Music,18.8K
46,Rania Mansour @raniamansourofficial,62.2K,0.39%,Egypt,Acting & Drama,18.6K
47,NogoumFM @nogoumfm,60.8K,0.05%,Egypt,Entertainment & Music,18.2K
48,قناة الحرة | Alhurra @alhurranews,60.5K,0.04%,Egypt,,18.1K
49,Sally Abdalsalam @sallyabdalsalam,60.4K,0.24%,Egypt,Entertainment & Music News & Politics,18.1K
50,Enjy Kiwan 🇪🇬 @enjykiwan,59.4K,0.56%,Egypt,,17.8K
51,Osama Elhady - أسامة الهادي @osamaelhady,59.3K,0.53%,Egypt,Entertainment & Music,17.8K
52,Elena El Sabbagh-ايلانا الصباغ @elenaelsabbagh,57.9K,0.49%,Egypt,Entertainment & Music,17.4K
53,Hijabboutique_EG @hijabboutique_eg,57.5K,0.1%,Egypt,Fashion & Accessories,17.3K
54,Reham Aiaad-ريهام عياد @rehamaiaad19,56.4K,0.35%,Egypt,Entertainment & Music Education family Romance & Wedding,16.9K
55,Hassan Gabr - The Gorilla @hgabr,54.9K,0.39%,Egypt,Fitness & Health,16.5K
56,Amr Gaber @amrgabergadallah,53.9K,0.51%,Egypt,Entertainment & Music,16.2K
57,احمد العوضي_ Ahmed Elawady @ahmed.elawady,53.2K,-,Egypt,Acting & Drama Fitness & Health,15.9K
58,NOLA Cupcakes @nolacupcakes,52.5K,0.05%,Egypt,Food,15.8K
59,Haidy Moussa @haidymoussaofficial,52.2K,0.3%,Egypt,Entertainment & Music,15.7K
60,Ingy Elengbawy انچي الانجباوى @ingyelengbawy,51.4K,0.23%,Egypt,Beauty & Self Care,15.4K
61,معتز مطر @moatazmatar_,51.3K,0.65%,Egypt,,15.4K
62,صدى البلد @elbaladofficial,50.7K,0.07%,Egypt,Entertainment & Music,15.2K
63,Mohamed Mohsen @mohsenband,50.1K,0.28%,Egypt,Entertainment & Music,15K
64,Mohamed Tarek | محمد طارق @mtarek.official,49.8K,0.76%,Egypt,Travel,14.9K
65,Pola Salem @polasalem,49.6K,0.2%,Egypt,Nature Travel Photography,14.9K
66,Cairo Zoom @thecairozoom,47.3K,0.14%,Egypt,Entertainment & Music Travel,14.2K
67,Buffalo Burger @buffalo_burger,47K,0.08%,Egypt,Food,14.1K
68,OPPO Egypt @oppoegypt,46.6K,0.11%,Egypt,Product Showcase,14K
69,cairo360 @cairo360,46.2K,0.04%,Egypt,Entertainment & Music,13.9K
70,هبه الدري @hebaaldurri,45.8K,0.2%,Egypt,Acting & Drama Health & Fitness,13.7K
71,Red Bull Egypt @redbullegypt,45.7K,0.22%,Egypt,Food Entertainment & Music,13.7K
72,Zack's @zacksfriedchicken,44.9K,0.11%,Egypt,Food,13.5K
73,Jala Hesham • چلا هشام @jalahesham,44.7K,0.1%,Egypt,Acting & Drama Arts & Crafts,13.4K
74,آيه سكر | Aya Sokkar @ayasokkar,44.4K,0.55%,Egypt,Fashion & Accessories Beauty & Self Care,13.3K
75,Zeina El Naggar @zeinaelnaggar,43.7K,0.17%,Egypt,Beauty & Self Care,13.1K
76,Doc Mahmoud Mostafa Elafifi @docelafifi,43.7K,0.16%,Egypt,Fitness & Health Beauty & Self Care,13.1K
77,Rana Samaha @ranasamaha,43.5K,0.31%,Egypt,Entertainment & Music,13.1K
78,Homzmart.eg @homzmart,42.9K,0.01%,Egypt,Home & Garden,12.9K
79,Dr.Nour @dr.nour.dentist,42.1K,0.17%,Egypt,Beauty & Self Care,12.6K
80,🍓💎Johara💎🍓جوهره 🍓 @joharabellydancer,40.2K,0.3%,Egypt,Entertainment & Music Dance,12.1K
81,Bassel Alzaro باسل الزارو @basselalzaro,40.1K,0.16%,Egypt,Travel,12K
82,Menna Ehab | ﮼منه،ايهاب @mennaehab33,38.7K,0.4%,Egypt,Education Life & Society,11.6K
83,Aly Kassem • على قاسم @alykassem_,38.4K,1.07%,Egypt,Acting & Drama,11.5K
84,Ramy Soliman | Food With Soli @ramysoli,38.1K,0.27%,Egypt,Food,11.4K
85,Mazen Yassen - مازن يسّ @justagoproer,37.7K,0.37%,Egypt,Entertainment & Music,11.3K
86,Mayada Hisham ميادة هشام @mayadaa.hisham,37.6K,0.65%,Egypt,Beauty & Self Care Fashion & Accessories,11.3K
87,Nader Hamdy | نادر حمدي @naderhamdy,37K,0.28%,Egypt,Entertainment & Music,11.1K
88,Kiro Fawzy | كيرو فوزي @kiro_fawzy,36.1K,0.33%,Egypt,Entertainment & Music,10.8K
89,Mohamed Aamer | محمد عامر @mohamedaamerofficial,35.3K,0.14%,Egypt,Acting & Drama,10.6K
90,Yasmen Wagdy - ﮼ياسمين،وجدي @yasmenwagdy,35.2K,0.32%,Egypt,Fashion & Accessories,10.5K
91,Georgina Tawaf - چورچينا طواف @georgianatawaf,35K,0.23%,Egypt,Acting & Drama,10.5K
92,Rotana Classic @rotanaclassic,34.2K,0.44%,Egypt,,10.2K
93,Mohamed Rashad @mohammedrashadofficial,33.9K,0.03%,Egypt,Entertainment & Music,10.2K
94,محمد شاهين @mohamed.chahine,33.7K,0.3%,Egypt,Entertainment & Music,10.1K
95,Exotics In Egypt @exotics_in_egypt,33.6K,0.37%,Egypt,Auto and Vehicles,10.1K
96,HOSSAM FARAG | حسام فرج @hossam.faragg,33.2K,0.16%,Egypt,Business & Finance,10K
97,Yasmina Alelwany @yasminaelelwany,32.9K,0.24%,Egypt,Entertainment & Music,9.9K
98,وردة شاه @_wardshah,32.5K,0.17%,Egypt,Fashion & Accessories Business Travel,9.8K
99,Amr Sherif - عمرو شريف @amr.sherif.adel,32.4K,0.78%,Egypt,Food,9.7K
100,Mohamed Attia | محمد عطية @mohamedattia,32.2K,0.36%,Egypt,Acting & Drama Entertainment & Music Funny,9.7K
