#,NAME,FOLLOWERS,ER,COUNTRY,TOPIC OF INFLUENCE,POTENTIAL REACH
1,Valtteri Bottas @valtteribottas,3.9M,0.56%,Finland,Auto and Vehicles Racing,1.2M
2,Kimi Räikkönen @kimimatiasraikkonen,2.9M,8.63%,Finland,Racing Coaching Photography,879.8K
3,Hydraulic Press Channel @hydraulicpresschannel,1.7M,1.9%,Finland,DIY and Life Hacks,524.2K
4,Nude Yoga Girl @nude_yogagirl,1.5M,2.68%,Finland,Fitness and Health Arts and Crafts,439.2K
5,Heikala @heikala,1.3M,1.52%,Finland,Arts and Crafts Illustrator Design,400.2K
6,IDA JEMINA KUJANPÄÄ @idajemina,893.6K,1.47%,Finland,Fitness and Health Training Coaching,268.1K
7,Pongfinity @pongfinity,818.1K,10.34%,Finland,Games Celebrity Tennis,245.4K
8,Uma | Engagement Rings @oorejewelry,720.8K,6.01%,Finland,,216.2K
9,Ala Tokel @alatokell,600.6K,3.18%,Finland,Beauty and Self Care Public Figure,180.2K
10,jukka hilden @jukkadudeson,514.9K,0.88%,Finland,Music Modeling Actors,154.5K
11,The Iceman | F1 Formula 1 Page @kimi_raikkonen_kr7,513.6K,4.63%,Finland,Entertainment and Music Sports Racing Cars,154.1K
12,Sara Puhto @saggysara,430.4K,4.75%,Finland,Beauty and Self Care Coaching Training,129.1K
13,Tarja Turunen @tarjaofficial,427.6K,4.1%,Finland,Music Songwriting Singer,128.3K
14,Teemu Selanne @sel8nneteemu,411.9K,3.69%,Finland,Sports,123.6K
15,الاعلامي مرتضى بداي العطوانيほ @mr_tz82,409.3K,-,Finland,,122.8K
16,Isac Elliot @isacelliot,404.7K,1.6%,Finland,Entertainment and Music Automotive Modeling,121.4K
17,Moomin @moominofficial,384.4K,1.83%,Finland,Animation and Cosplay Food and Drink,115.3K
18,Josh Sundquist @joshsundquist,380.2K,5.7%,Finland,Celebrity,114.1K
19,Ossi Saarinen @soosseli,375.6K,4.93%,Finland,Nature Animals,112.7K
20,ROBIN PACKALEN @robinpackalen,375.4K,1.4%,Finland,,112.6K
21,NIKA LEYTINK @leytink,368K,0.69%,Finland,,110.4K
22,K a l l e R o v a n p e r ä @kallerovanpera,353.1K,3.57%,Finland,Sports Racing Riders Motorcycle Racing,105.9K
23,Lakko @officiallakko,351.7K,4.6%,Finland,,105.5K
24,TINZE @tinzeofficial,346.1K,1.84%,Finland,Entertainment and Music Music Events Dance,103.8K
25,SANNI @sannivirallinen,340.8K,1.91%,Finland,Entertainment and Music,102.2K
26,Bebo Al-ansaryi @bebo_alansaryi,333K,2.1%,Finland,,99.9K
27,Aku Hirviniemi @akuhirviniemi,328.1K,0.65%,Finland,Celebrity,98.4K
28,Marko Raassina @marko.raassina,320.4K,17.8%,Finland,Arts and Crafts Comics Geek Artist,96.1K
29,Jonna Hyttinen @scandy_girl,305.6K,1.83%,Finland,Arts and Crafts Home and Garden Illustrator Drawing,91.7K
30,Janni Hussi @jannihussi,303.8K,2.52%,Finland,Auto and Vehicles Entertainment and Music Actors Cooking,91.1K
31,Junior maciel 🦅 @juniormaciel,302.4K,1.2%,Finland,Soccer,90.7K
32,T I N O S O I N I N E N @tinoshair_tino,295.6K,2.5%,Finland,Beauty and Self Care Education,88.7K
33,Fashion| Menswear| Fitness @iammiari,293.2K,0.72%,Finland,Fashion and Accessories,88K
34,Jarppi Dudeson @jarppidudeson,289.4K,1.41%,Finland,,86.8K
35,Arttu Stenberg @arttustenberg,287.3K,5%,Finland,Sports,86.2K
36,Jasper Pääkkönen @jasperpaakkonen,282.8K,4.48%,Finland,Outdoor Activity Adventure Fishing,84.8K
37,𝙃𝙚𝙧𝙗𝙖𝙡𝙞𝙨𝙩𝙞 🌿 @herbalisti,277.8K,3.09%,Finland,,83.3K
38,Lorenzo Mirandola ■ Lapland @lorenzmira_lapland,273.5K,73.29%,Finland,Outdoor Activity Travel Photography,82.1K
39,Veronica Verho @mariieveronicaofficial,268.9K,3.5%,Finland,Animals Pets Animals & Pets,80.7K
40,Marianna Mäkelä @mariannnan,267.6K,2.44%,Finland,Fashion and Accessories Lifestyle Styling,80.3K
41,Sanni Oksanen🌙 @sannioksanen,265.6K,2.61%,Finland,Nature Travel Outdoor Activity Lifestyle,79.7K
42,𝙎𝙪𝙫𝙞 ♡ @myhairstyle_xo,262.8K,0.15%,Finland,Beauty and Self Care Styling Hair Salons,78.8K
43,SARA PARIKKA @saraparikka,260.7K,2%,Finland,Acting and Drama family Education Celebrity,78.2K
44,Nini Catarina Nguyên 🦋 @ninninguyen,258.4K,0.36%,Finland,Entertainment and Music Lifestyle Styling Celebrities,77.5K
45,Leijonat @leijonatfi,257.7K,1.51%,Finland,Sports News Ice Hockey,77.3K
46,justimusfilms @justimusfilms,255.6K,2.68%,Finland,Entertainment and Music,76.7K
47,Sami Hedberg @samihedberg,251.2K,0.35%,Finland,Entertainment and Music,75.4K
48,StuntFreaksTeam @stuntfreaksteam,246.6K,2.63%,Finland,Auto and Vehicles Home and Garden Riders Motorcycle Racing,74K
49,Ｒｏｓａ Ｌｉｎｎ @rosalinnmusic,243.7K,3.6%,Finland,Entertainment and Music Music,73.1K
50,Patrik Laine @patriklaine,237.8K,11.06%,Finland,Ice Hockey,71.3K
51,𝐏𝐄𝐓𝐑𝐀 @bangtsikitsiki,231.4K,1.28%,Finland,Fashion and Accessories News Hair & Beauty DIY & Crafts,69.4K
52,Apocalyptica @apocalypticaofficial,229.2K,1.85%,Finland,Entertainment and Music Music Songwriting Singer,68.8K
53,JVG @jvgfi,228K,2.4%,Finland,,68.4K
54,Sara Sieppi @sarasieppi,223.7K,3.13%,Finland,Education Celebrities,67.1K
55,Kinuskikissa @kinuskikissa,222K,0.7%,Finland,Food Home and Garden News Cooking,66.6K
56,Ilona Ylikorpi @ilonaylikorpi,221.7K,2.5%,Finland,Photography Arts and Crafts Product Showcase,66.5K
57,miriambryant @miriambryant,219K,1.93%,Finland,Entertainment and Music Design Music,65.7K
58,𝑻𝒐𝒑𝒊 𝒕𝒉𝒆 𝑪𝒐𝒓𝒈𝒊 @topithecorgi,218.5K,3.95%,Finland,Animals Pets Home and Garden Dogs,65.5K
59,HS – Helsingin Sanomat @helsinginsanomat,214K,1.13%,Finland,,64.2K
60,JEENY DAVID|جينـــي ديفيـــد @jeeny.david1,213.7K,1.3%,Finland,Finance,64.1K
61,PERNILLA FANNY MATILDA @pernillabockerman,208.1K,3.81%,Finland,Fitness and Health Gym Coaching,62.4K
62,Jane Callista @janecallista,207.6K,0.79%,Finland,Entertainment and Music Music Singer,62.3K
63,Jari-Matti Latvala @jmlatvala,207.2K,3.95%,Finland,Racing,62.2K
64,May🔵 @maymoking,196.1K,1.4%,Finland,,58.8K
65,Minna Kalliokulju @mk_maison,195.1K,0.26%,Finland,Home and Garden family Moms,58.5K
66,@soikkuyo,194K,0.99%,Finland,Art Architecture,58.2K
67,Donia @donialuvsu,193.9K,0.65%,Finland,"Beauty Travel Adventure Film, Music & Books",58.2K
68,Gulleed bulle 🇫🇮 @gulledsimba,190.5K,5.58%,Finland,Art Music Singer,57.2K
69,Onni Alstola 🇫🇮 @vloggarionni,189.7K,0.5%,Finland,Arts and Crafts,56.9K
70,Oliver Solberg ⚡️ @oliversolberg01,183.1K,2.7%,Finland,Outdoor Activity Sports Automotive Racing,54.9K
71,Vappu Pimiä @vappendaali,183K,2.8%,Finland,Food Business and Finance Moms,54.9K
72,RoseShock @roseshock,181.8K,2.9%,Finland,Arts and Crafts Business,54.5K
73,Daniel Taipale @dansmoe,180.4K,2.32%,Finland,Nature Photography Outdoor Activity Adventure,54.1K
74,Jirka Vinse Jonatan Väätäinen @jirkavinse,176.8K,2.14%,Finland,Arts and Crafts Illustrator,53K
75,TOPI THE DOG. Cheesefluencer @topi_the_dog,173.3K,2.25%,Finland,Pets Dogs,52K
76,Jussi Ulkuniemi @skwii,172.5K,1.08%,Finland,Photography Outdoor Activity Adventure Architecture,51.8K
77,maiju voutilainen (she/her) @maijuvouti,170.1K,2.02%,Finland,Fashion and Accessories Arts and Crafts Nature,51K
78,Amanda Essen WEAK TO STRONG @svagtillstark,168.7K,8.92%,Finland,Fitness and Health Health & Fitness Cooking Food & Drink,50.6K
79,Sointu Borg @sointuorvokki,167.5K,5.98%,Finland,Fashion and Accessories Modeling,50.3K
80,Sara Chafak @sarachafak,167.2K,2.35%,Finland,Entertainment and Music Celebrity Soccer Modeling,50.2K
81,☆*:.｡. sofia ★･゜ﾟ･*˚✧ @rottenpeachcorpse,166.3K,4.2%,Finland,Arts and Crafts,49.9K
82,Maga Musaev @magadidntwakeup,163.1K,3.4%,Finland,Sports,48.9K
83,Rayadas @rayadas,162.5K,1.9%,Finland,,48.8K
84,al ѕнaммarι♕ @j93j,162.1K,0.7%,Finland,Modeling,48.6K
85,💙زندگی به سبک‌منوباران💙 @baran_taj_,158.8K,5.8%,Finland,,47.7K
86,SNORO @jonisnoro,157.6K,0.17%,Finland,Entertainment and Music Music Musicians Songwriting,47.3K
87,Jenni Vartiainen @jennivartiainenofficial,157K,3.84%,Finland,Fashion and Accessories,47.1K
88,Deata @deata,156.9K,1.28%,Finland,Entertainment and Music,47.1K
89,ABREU @iamabreu,156.5K,5.7%,Finland,Nature Outdoor Activity,46.9K
90,venlasavikuja @venlasavikuja,156.2K,0.42%,Finland,Acting and Drama Celebrity,46.9K
91,Jesse Puljujärvi @puljuuu,155.5K,15.64%,Finland,Ice Hockey,46.7K
92,Finland 🇫🇮 Travel | Hotels | Food | Tips @visitingfinland,155.4K,0.39%,Finland,Travel Photography Nature,46.6K
93,داليا العبيدي @beauty_box_iq,155.4K,0.23%,Finland,Beauty and Self Care Fashion and Accessories,46.6K
94,Mindful of Dreams @mindfulofdreamss,155.3K,11.08%,Finland,Arts and Crafts,46.6K
95,Nikola Zujic @nikolazujicfitness,154.3K,0.45%,Finland,Fitness Fitness and Health,46.3K
96,Kasperi Kapanen @kasperikapanen1,153.4K,6.14%,Finland,Sports Moms Modeling,46K
97,Jukka Risikko @jukkarisikko,152.6K,6.68%,Finland,Nature Photography Modeling,45.8K
98,Aapo Puhakka Badminton 🏸 @aapopuhakka,151.2K,2.07%,Finland,Sports,45.4K
99,Camilla Saloranta | travel and fashion content creator @camillamilja,150.2K,0.38%,Finland,family Parenting,45.1K
100,Sami Hyypiä @samihyypia4,148.9K,2.49%,Finland,,44.7K
