#,NAME,FOLLOWERS,ER,COUNTRY,TOPIC OF INFLUENCE,POTENTIAL REACH
1,Anabel Angus @anabelangus,1M,1.3%,Bolivia,Journalists,304.6K
2,Andrea Villarroel @soyandreatv,931K,1.22%,Bolivia,Entertainment and Music Fashion and Accessories Arts and Crafts Marketing and Advertising,279.3K
3,𝒢𝒶𝒷𝓇𝒾𝑒𝓁𝒶 𝒵𝑒𝑔𝒶𝓇𝓇𝒶 @gabyzegarra_gz,879.1K,1.09%,Bolivia,Beauty and Self Care Marketing and Advertising Actors Modeling,263.7K
4,Albertina sacaca @albertinasacaca,764.1K,2.14%,Bolivia,,229.2K
5,Um a Uno @um.a.uno,630.2K,0.86%,Bolivia,Travel,189K
6,Andres Salvatierra J. @andres.salvatierraj,582.9K,4.6%,Bolivia,,174.9K
7,Fiorella Zamora @fiorellazoe_zamora,503.7K,0.33%,Bolivia,,151.1K
8,Grisel Quiroga @griselquiroga,482.9K,0.15%,Bolivia,Fashion and Accessories Actors,144.9K
9,L A C L A U 🍍 @laclauoficial,467.9K,0.98%,Bolivia,,140.4K
10,𝙔𝙐𝙑𝙄𝙉𝙆𝘼 𝘼Ñ𝙀𝙕 ✨ @yuvinkaanez96,426.6K,2.12%,Bolivia,Beauty and Self Care Fashion and Accessories Actors Modeling,128K
11,Gabo Chavarría @gabocharria,425.5K,0.67%,Bolivia,Celebrity,127.7K
12,Eliana Gonzalez @elugonzalez,368K,0.41%,Bolivia,,110.4K
13,Elias Ayaviri @eliasayavirioficial,325.3K,0.35%,Bolivia,Entertainment and Music Music Actors,97.6K
14,Fernando Eid @fernandoeidok,318.8K,1.61%,Bolivia,Entertainment and Music Television Actors Journalists,95.6K
15,Bonny Lovy @bonnylovyoficial,312.9K,0.4%,Bolivia,Entertainment and Music Actors Music Architecture,93.9K
16,Evo Morales Ayma @evomoralesayma,293.3K,0.57%,Bolivia,,88K
17,Marco Antelo (YeYo) @yeyoantelo,293.2K,0.6%,Bolivia,Actors,88K
18,Nɪᴄᴏʟ Sᴀʟᴄᴇ “𝕆𝕤𝕚𝕥𝕒”🐻 @nicol_salce,290.1K,0.27%,Bolivia,Romance and Wedding Actors Modeling,87K
19,Isa Vargas @iisamarvg,287.8K,2.26%,Bolivia,Actors Journalists,86.3K
20,Ximena Zalzer @ximzal,287.1K,1.61%,Bolivia,Entertainment and Music Automotive Actors Modeling,86.1K
21,Ronico @ronicocs,275.8K,0.34%,Bolivia,Entertainment and Music Celebrity Marketing and Advertising Actors,82.7K
22,Red Uno de Bolivia @redunotv,272K,0.3%,Bolivia,,81.6K
23,hbl_Fit_leon @hbl_fit_leon,267.1K,0.27%,Bolivia,Fitness and Health Marketing and Advertising Coaching Gym,80.1K
24,MISS BOLIVIA @missboliviamusica,262.6K,0.5%,Bolivia,Entertainment and Music Actors,78.8K
25,GRACIELA VNOVASKI @gracinovaski,260.6K,1.9%,Bolivia,Television Actors Virtualization Journalists,78.2K
26,Alejandro Fabio Pinedo Terrazas @alepinedotv,255.6K,0.1%,Bolivia,Celebrity Video Gaming,76.7K
27,Angelica Merida Duran @angelicamerida,251.5K,0.27%,Bolivia,Entertainment and Music Romance and Wedding Marketing and Advertising Actors,75.5K
28,Calle 7 Bolivia @callesietebolivia,232.1K,0.3%,Bolivia,Entertainment and Music Games Marketing and Advertising Actors,69.6K
29,Melissa Gate @meligate.tv,231.2K,3.8%,Bolivia,,69.4K
30,Lenka Nemer @lenkanemeroficial,230.9K,0.32%,Bolivia,Fashion Beauty Travel Fashion and Accessories,69.3K
31,Ronald Arnez￼ @ronaldarnez,224.8K,0.14%,Bolivia,Acting and Drama Celebrity Actors,67.4K
32,𝐸𝑟𝑖𝑘𝑎 𝑆𝑒𝑐𝑎𝑑𝑒𝑠🦋 @erikasecades,204.6K,1.14%,Bolivia,Beauty and Self Care Fashion and Accessories Actors Virtualization,61.4K
33,VALENTINA @valeentina_98,204.4K,1.06%,Bolivia,,61.3K
34,Stephanie Herela @stephanieherela,201.4K,0.39%,Bolivia,Celebrity Actors Modeling,60.4K
35,Cinéfilo Boliviano @cinefiloboliviano,199.8K,0.25%,Bolivia,Entertainment and Music,59.9K
36,Carlos Rocabado @carlosrocabadook,199.4K,0.2%,Bolivia,Entertainment and Music Acting and Drama Celebrity Actors,59.8K
37,𝕊𝕖𝕓𝕒𝕤𝕥𝕚𝕒𝕟 ℙ𝕦𝕥𝕫 @sebasputz,194.7K,0.4%,Bolivia,family Fitness and Health Life and Society Product Education,58.4K
38,Andrea Fernandez - Real Estate @andreafernandez_century21,191.7K,6.84%,Bolivia,,57.5K
39,Cynthia S. Chavez @cynthiaschavez,189.7K,0.1%,Bolivia,Acting and Drama family Celebrity Parenting,56.9K
40,Matias De Rada @matiasderada,182.7K,6.16%,Bolivia,Arts and Crafts Celebrity Adventure,54.8K
41,Gabriela Oviedo @gabrielaoviedoserrate,181K,0.26%,Bolivia,Entertainment and Music Education Romance and Wedding News,54.3K
42,Agustín Belforte @agustin_belforte,180.7K,0.7%,Bolivia,,54.2K
43,Rubén Alejandro Boix Martinez @rubenboix,179.8K,1.29%,Bolivia,Entertainment and Music,53.9K
44,𝑺𝒆𝒓𝒈𝒊𝒐 𝑨𝒃𝒆𝒍 𝑴𝒆𝒏𝒅𝒆𝒛 𝑻𝒊𝒕𝒛𝒆 @baby_mendez_,177.3K,9.78%,Bolivia,,53.2K
45,Luciel Izumi @luciel_izumi,174.6K,2.26%,Bolivia,Entertainment and Music Automotive,52.4K
46,Andrea Herrera Añez @aherrera.a,169.9K,1.5%,Bolivia,Marketing and Advertising Actors Virtualization,51K
47,Maria Elena Montero @babyoficialc7,169.2K,3.58%,Bolivia,,50.8K
48,Anita Parada 💖 @anita.paradaj,160K,0.35%,Bolivia,Beauty and Self Care family Actors,48K
49,Club Bolívar @clubbolivaroficial,159K,0.83%,Bolivia,Sports Marketing and Advertising Soccer,47.7K
50,𝐃 𝐀 𝐈 𝐀 𝐍 𝐄✨ @daianecandia29,152.7K,0.8%,Bolivia,,45.8K
51,Astrid Vaca Rico @astridvacarico.bo,152.1K,0.2%,Bolivia,Animals Actors Journalists,45.6K
52,Isa Balcazar @isabalcazar.7,150.1K,0.8%,Bolivia,Actors Fashion Modeling,45K
53,Patrik Berger @patrikbergerofficial,145.2K,0.66%,Bolivia,,43.6K
54,Vanesita Medina 🇧🇴 Oficial @vanesita_medina_c,140K,2.45%,Bolivia,,42K
55,Luisa Dörr @luisadorr,139.1K,2.51%,Bolivia,Photography Home and Garden,41.7K
56,Fabricio Blacutt @fabru_blacutt,136.5K,1.04%,Bolivia,,40.9K
57,Agustin Bajda @agustinbajda7,134.1K,32.04%,Bolivia,,40.2K
58,Desirée Durán Oficial @desireedurandd,133.3K,0.41%,Bolivia,Romance and Wedding Marketing and Advertising Actors Lifestyle,40K
59,Wendy Flores 💥 @wendyfloresv,133.1K,0.6%,Bolivia,Actors Fashion Modeling,39.9K
60,ABIGAIL RIOS NIEVE @abigail_r.n,123.8K,5.95%,Bolivia,Entertainment and Music,37.2K
61,Luna-Calle7Bolivia @lunamaldonadoayala,118.7K,2.25%,Bolivia,,35.6K
62,ＦＲＥＤＥＲＩＣＫ ＫＥＬＬＥＹ @frederick.kelley,117.5K,13.3%,Bolivia,,35.3K
63,Redragon Latam @redragonla,117.3K,0.4%,Bolivia,Games Video Gaming Actors,35.2K
64,Yingo Red Uno @yingoreduno,117.2K,0.4%,Bolivia,Marketing and Advertising Actors,35.2K
65,Bolivia - South America @experiencebolivia,116.9K,1.97%,Bolivia,Travel Adventure,35.1K
66,Jorge Antonio Robledo @jorgerobledocespedes,116.9K,1.8%,Bolivia,,35.1K
67,Noticias de Bolivia @pagina_siete,116.5K,0.8%,Bolivia,Education,35K
68,𝑱𝒂𝒛𝒎𝒊𝒏 𝑫𝒖𝒓𝒂𝒏 🔹Dubai Model @jazzminduran,115K,4.6%,Bolivia,Fashion and Accessories,34.5K
69,EDSON FDB 🎮 @soypapiedson,115K,3.7%,Bolivia,,34.5K
70,Osito🐻 @carlosegutierz,111K,1.3%,Bolivia,,33.3K
71,B R O R I C A R D O @ricardoprambudi,110.6K,2.88%,Bolivia,Auto and Vehicles Automotive,33.2K
72,👁 @omgbolivia,110.5K,0.85%,Bolivia,Actors,33.2K
73,DANIEL MAZZA @mondoaeroporto,109.4K,1.26%,Bolivia,Travel Auto and Vehicles,32.8K
74,Ezequiel Bazán @ezequielbazanoficial,109.1K,0.6%,Bolivia,,32.7K
75,𝙾𝚛𝚒𝚎𝚝𝚝𝚊 𝙰𝚜𝚌𝚊𝚛𝚛𝚞𝚑𝚗𝚣 @orietta_ascarruhnz,109K,1.84%,Bolivia,Fashion and Accessories Business and Finance,32.7K
76,Carla Velasco 🤍 @carla_lorena_velasco,107.2K,0.3%,Bolivia,Animals,32.1K
77,Alejandro Delius🇧🇴🇩🇪 @alejandrodelius,107K,0.24%,Bolivia,Entertainment and Music Actors Music,32.1K
78,Yarita Gasaui @diosadelfuegoyg,106.6K,1.5%,Bolivia,,32K
79,Tyler @tylerz240,105.9K,4.32%,Bolivia,,31.8K
80,Ferjin♡ @ferjin010,104.7K,6.31%,Bolivia,Animation and Cosplay,31.4K
81,Thalma Roca @thalmaroca,102.9K,0.25%,Bolivia,Acting and Drama,30.9K
82,Vivian Ruiz @missvivianruiz,100.7K,0.32%,Bolivia,Fitness and Health Actors Moms Lifestyle,30.2K
83,Gardenia @gardenia_moruno,100K,0.73%,Bolivia,Entertainment and Music,30K
84,Diego Merritt @diegomerritt,98.9K,0.05%,Bolivia,Entertainment and Music Music Actors Singer,29.7K
85,Tino Vigevani Garcia @soyvalentinog,96.3K,27.1%,Bolivia,Pets Moms Actors,28.9K
86,Irais Alarcón @irais.alarcon,95.7K,2.11%,Bolivia,,28.7K
87,B R U N O R O C A 🫀👁 🐰🧿 @soybrunoroca,94.7K,0.5%,Bolivia,,28.4K
88,✨ creandoletras_11✨ @adelaydasantillan_11,94.3K,1.42%,Bolivia,,28.3K
89,Libreria IRBE Bolivia @libreriairbe,93.7K,19.28%,Bolivia,Education Product Showcase,28.1K
90,J i m e ★ ʙᴏʟɪᴠɪᴀ @jimenasuarezv,93.7K,3.9%,Bolivia,,28.1K
91,Stefany Aguilar @stefanyaguilarbasto,93.5K,0.55%,Bolivia,Entertainment and Music Soccer Actors,28.1K
92,Killa Hermoza @killa_hermoza,93.1K,2.75%,Bolivia,family Actors Virtualization Public Figure,27.9K
93,Barbie Chula @barbiechulanyc,93.1K,0.43%,Bolivia,Animation and Cosplay Arts and Crafts Celebrity Parenting,27.9K
94,— yannine ☾ ✧ ‧₊˚ @art_.study,92.7K,1.01%,Bolivia,Arts and Crafts Education,27.8K
95,Natali justiniano @natalijustiniano,90.9K,0.7%,Bolivia,,27.3K
96,AlexAndré @alexandreofficialmusic,88K,0.06%,Bolivia,Music,26.4K
97,Natalia Davila @moleonlip,87.8K,0.69%,Bolivia,Education,26.3K
98,Leonardo León - Poetry @leonardo_leon23,87.7K,1.91%,Bolivia,Entertainment and Music Marketing and Advertising Actors Modeling,26.3K
99,Marcela Gonzales @marcelita.gonzales,87K,0.78%,Bolivia,Television Actors Journalists,26.1K
100,Soy Paceño @soypaceno,86.8K,1.74%,Bolivia,Travel Photography,26K
