#,NAME,FOLLOWERS,ER,COUNTRY,TOPIC OF INFLUENCE,POTENTIAL REACH
1,Arsenal @arsenal,976.2K,-,United Kingdom,Sports,292.9K
2,تلویزیون منوتو @manotoofficial,525.7K,0.21%,United Kingdom,Entertainment & Music,157.7K
3,Bentley Motors @bentleymotors,482.7K,0.38%,United Kingdom,Auto and Vehicles,144.8K
4,Jamie Oliver @jamieoliver,430.7K,0.27%,United Kingdom,Food Product Education,129.2K
5,ایران اینترنشنال @iranintltv,387.4K,0.14%,United Kingdom,News Media,116.2K
6,Wimbledon @wimbledon,325K,1.04%,United Kingdom,Sports,97.5K
7,Morgana Secco @morganasecco,301.7K,0.21%,United Kingdom,family Fitness & Health,90.5K
8,The Archbishop of Banterbury🇬🇧 @thearchbishopofbanterbury,282.5K,1.53%,United Kingdom,Entertainment & Music Funny Life & Society,84.8K
9,West Ham United @westham,266.4K,0.09%,United Kingdom,Sports,79.9K
10,Pink Floyd @pinkfloyd,266.4K,0.36%,United Kingdom,Entertainment & Music,79.9K
11,Leicester City @lcfc,263K,0.08%,United Kingdom,Sports,78.9K
12,boohoo @boohoo,259.4K,0.11%,United Kingdom,Fashion & Accessories,77.8K
13,The UK07 Rider @anurag_dobhal,255.2K,2.3%,United Kingdom,Education Upskilling,76.6K
14,Tate @tate,241.9K,0.43%,United Kingdom,Arts & Crafts Education,72.6K
15,Memes|Music|Gossip @imjustbait,222.3K,0.25%,United Kingdom,Entertainment & Music Fashion & Accessories,66.7K
16,Séan Garnier| World Champion @seanfreestyle,222K,0.13%,United Kingdom,Sports,66.6K
17,Aston Villa FC @avfcofficial,218.7K,0.53%,United Kingdom,Sports,65.6K
18,OH POLLY @ohpolly,188.5K,0.13%,United Kingdom,Fashion & Accessories,56.6K
19,We Are England Cricket @englandcricket,180.4K,0.83%,United Kingdom,Sports,54.1K
20,ESPN UK @espnuk,179.3K,0.28%,United Kingdom,Sports,53.8K
21,Stacey Solomon @staceysolomon,170K,2.17%,United Kingdom,family Entertainment & Music,51K
22,Dezeen @dezeen,160.4K,0.12%,United Kingdom,Arts & Crafts Home & Garden,48.1K
23,House Of CB @houseofcb,158.4K,-,United Kingdom,Fashion & Accessories,47.5K
24,British Memes 🇬🇧 @britishmemes,156.4K,0.54%,United Kingdom,Funny,46.9K
25,Tobi Brown @tobjizzle,151.5K,1.15%,United Kingdom,Gaming,45.5K
26,VEE. @veeiye,145.1K,1.03%,United Kingdom,Fashion & Accessories,43.5K
27,Great British Memes 🇬🇧 @greatbritish.memes,138.8K,0.54%,United Kingdom,Entertainment & Music Funny,41.6K
28,Lisa Lanceford @lisafiitt,135.6K,0.08%,United Kingdom,Fitness & Health,40.7K
29,Secret London @secret.london,133.8K,0.21%,United Kingdom,Travel Food Life & Society,40.2K
30,Bela Padilla @bela,133.7K,0.84%,United Kingdom,Arts & Crafts Entertainment & Music,40.1K
31,Ian Wright @wrightyofficial,126.4K,1.44%,United Kingdom,Sports,37.9K
32,Chilly @benchilwell,124.9K,2.62%,United Kingdom,Sports,37.5K
33,Vex King | Self-love Writer @vexking,123.8K,0.85%,United Kingdom,Education Life & Society,37.1K
34,Manchester United Women @manutdwomen,123K,-,United Kingdom,Sports,36.9K
35,Dazed @dazed,122.7K,0.28%,United Kingdom,Entertainment & Music Fashion & Accessories,36.8K
36,Brighton & Hove Albion FC @officialbhafc,119.5K,0.73%,United Kingdom,Sports,35.9K
37,@LONDON • #ThisIsLondon @london,116.6K,0.24%,United Kingdom,Travel,35K
38,National Gallery @nationalgallery,109.1K,0.66%,United Kingdom,Arts & Crafts,32.7K
39,HALKEKMAG @halkekmag,108.2K,0.59%,United Kingdom,Arts & Crafts,32.5K
40,Rich Kids of London @richkidslondon,107.3K,0.22%,United Kingdom,Entertainment & Music Finance Fashion & Accessories,32.2K
41,This Morning @thismorning,106.6K,0.31%,United Kingdom,Entertainment & Music Life & Society,32K
42,Boiler Room @boilerroomtv,105.6K,-,United Kingdom,Entertainment & Music,31.7K
43,Calfreezy @calfreezy,104.3K,0.91%,United Kingdom,Entertainment & Music,31.3K
44,Dr Alex @dralexgeorge,99.5K,0.28%,United Kingdom,Health & Fitness Education,29.8K
45,Travel & Love - Savi & Vid @bruisedpassports,95.8K,0.33%,United Kingdom,Travel family Home & Garden,28.7K
46,Tasha Amber Ghouri @tashaghouri,94.1K,0.22%,United Kingdom,Entertainment & Music,28.2K
47,Leeds United @leedsunited,93K,0.64%,United Kingdom,Sports,27.9K
48,nationaltrust @nationaltrust,92.3K,1.27%,United Kingdom,Nature Education Home & Garden,27.7K
49,VisitScotland @visitscotland,90.8K,0.43%,United Kingdom,Travel,27.3K
50,Andrea Conti @andreacontioficial,90.5K,-,United Kingdom,Fashion & Accessories,27.1K
51,Ben Black @benblack,90.3K,0.61%,United Kingdom,Fashion & Accessories,27.1K
52,BBC Good Food @bbcgoodfood,88.7K,0.15%,United Kingdom,Food,26.6K
53,The University of Oxford @oxford_uni,88.4K,0.3%,United Kingdom,Education,26.5K
54,Ferne McCann @fernemccann,86.9K,0.26%,United Kingdom,Fitness & Health,26.1K
55,PUBLIC DESIRE @publicdesire,86.8K,0.05%,United Kingdom,Fashion & Accessories,26K
56,Tim - Shmee @shmee150,86.4K,0.73%,United Kingdom,Auto and Vehicles,25.9K
57,Rob Beckett @robbeckettcomic,84.3K,0.85%,United Kingdom,Entertainment & Music Funny,25.3K
58,House & Garden Magazine @houseandgardenuk,83.3K,0.29%,United Kingdom,Home & Garden,25K
59,Football • Futbol • Soccer @footyemporium,82.6K,1.26%,United Kingdom,Sports,24.8K
60,Aldi UK @aldiuk,82.1K,0.8%,United Kingdom,Food,24.6K
61,AFTV @aftvmedia,81K,0.79%,United Kingdom,Sports,24.3K
62,Time Out London @timeoutlondon,80.9K,0.06%,United Kingdom,Travel Photography,24.3K
63,EGO OFFICIAL @egoofficial,80.7K,0.07%,United Kingdom,Fashion & Accessory,24.2K
64,Abimbola kazeem @jiganbabaoja,80.7K,0.22%,United Kingdom,Entertainment & Music Acting & Drama Comedy,24.2K
65,Classic FM @classicfm,78.3K,0.55%,United Kingdom,Entertainment & Music Education,23.5K
66,VISIT LONDON @visitlondon,77.1K,0.3%,United Kingdom,Travel,23.1K
67,Calum Scott @calumscott,76.1K,-,United Kingdom,Entertainment & Music,22.8K
68,Selfridges @theofficialselfridges,75.4K,0.75%,United Kingdom,Fashion & Accessories,22.6K
69,Nottingham Forest @officialnffc,74.4K,0.74%,United Kingdom,Sports,22.3K
70,BAFTA @bafta,71.8K,-,United Kingdom,Entertainment & Music,21.5K
71,JACOB RIGLIN @jacob,70.8K,0.59%,United Kingdom,Photography Product Education Upskilling,21.2K
72,Kristina Makeeva↟Kotleta↟Timon @hobopeeba,70K,0.76%,United Kingdom,Arts & Crafts Oddly Satisfying Photography,21K
73,Carolyn @theslowtraveler,68.6K,0.67%,United Kingdom,Travel Outdoor Activity,20.6K
74,Elvin Levinler 🌈 @elvin,68.2K,0.84%,United Kingdom,Fitness & Health Travel,20.5K
75,Sophie Hannah @sophiehannah,68K,0.22%,United Kingdom,Fashion & Accessories Home & Garden,20.4K
76,@bm_stores,67.9K,0.51%,United Kingdom,Product Showcase Finance,20.4K
77,Chloe Ferry💀 @chloegshore1,67.2K,0.14%,United Kingdom,Entertainment & Music Fashion & Accessories,20.2K
78,Jennifer Tuffen @izkiz,66.2K,0.26%,United Kingdom,Travel,19.9K
79,Lord's Cricket Ground @homeofcricket,65.6K,0.54%,United Kingdom,Sports,19.7K
80,Sports Direct Football @sportsdirectfootball,65.5K,0.11%,United Kingdom,Sports Auto and Vehicles,19.7K
81,Elle Edwards @livefitelle,64.4K,0.26%,United Kingdom,Health & Fitness,19.3K
82,Ahmad al-Rashid @british_english_plus,64.2K,0.11%,United Kingdom,Education,19.3K
83,WTF1 @wtf1official,63.9K,0.52%,United Kingdom,Sports,19.2K
84,Liberty London @libertylondon,63.7K,-,United Kingdom,Shopping Arts & Crafts Fashion & Accessories,19.1K
85,DANIEL SIMMONS @imdanielsimmons,63.2K,1.37%,United Kingdom,Entertainment & Music,19K
86,BINKY FELSTEAD @binkyfelstead,62.9K,0.21%,United Kingdom,family,18.9K
87,Jay Beech @jayybeech,62.8K,0.27%,United Kingdom,Entertainment & Music,18.8K
88,Toufiluk | توفيلوك @toufiluk,62.7K,0.67%,United Kingdom,Education,18.8K
89,The Sole Supplier @thesolesupplier,62.2K,0.15%,United Kingdom,Fashion & Accessories,18.6K
90,Christian Martin @christianmartin03,62.1K,0.11%,United Kingdom,News Sports Entertainment & Music,18.6K
91,XENIA TCHOUMI @xenia,61.9K,0.17%,United Kingdom,Education Upskilling Finance Entertainment & Music,18.6K
92,Pinch of Nom @pinchofnom,61.8K,0.09%,United Kingdom,Food,18.5K
93,Frankie Bridge @frankiebridge,61.2K,0.32%,United Kingdom,Entertainment & Music family Education,18.4K
94,Sam | Sustainable Living @sambentley,60.9K,0.72%,United Kingdom,Education Life & Society,18.3K
95,Tastemade UK @tastemadeuk,60.7K,0.02%,United Kingdom,Food,18.2K
96,The Range @therangeuk,60.2K,0.2%,United Kingdom,Home & Garden Arts & Crafts,18.1K
97,Esther Oluchi Nwokoro @astar4real,59.8K,0.43%,United Kingdom,Entertainment & Music Fashion & Accessories,17.9K
98,Jamie Genevieve @jamiegenevieve,59.8K,1.55%,United Kingdom,Beauty & Self Care,17.9K
99,Samira Kazan @alphafoodie,59.6K,0.53%,United Kingdom,Food DIY & Life Hacks,17.9K
100,Royal Opera House @royaloperahouse,59.4K,0.4%,United Kingdom,Entertainment & Music,17.8K
