#,NAME,FOLLOWERS,ER,COUNTRY,TOPIC OF INFLUENCE,POTENTIAL REACH
1,Esvin Reyes @esvinreyes5,2.6M,-,El Salvador,,780K
2,Amys Twins💖 @amys_twins,2.5M,0.9%,El Salvador,family,750K
3,art🌸by🌸ari @arinnami_,1.3M,-,El Salvador,Arts and Crafts,390K
4,La Tia Maria Oficial @la_tiamaria,1.3M,2.2%,El Salvador,,390K
5,Just A Happy Mom @justahappymom,1.2M,0.3%,El Salvador,family,360K
6,Nancy Ver @nancyytuque,1.1M,-,El Salvador,,330K
7,RICKY @soyrickysv,1.1M,1.2%,El Salvador,,330K
8,Esme Lemus @esme_esme16,1M,-,El Salvador,,300K
9,Delmy Hernandez @yaniraberrios7,981.2K,-,El Salvador,,294.4K
10,Dulces Dulce @dulcesdulce1,942.8K,0.1%,El Salvador,Food and Drink,282.8K
11,ᵛᵃʸᵃ.ᵈᵃᵗᵒ @vaya.dato,933.4K,-,El Salvador,,280K
12,🇸🇻𝙃𝙚𝙣𝙧𝙮 𝙐𝙧𝙞𝙖𝙨 @henryuriasoficial,914.1K,1.9%,El Salvador,Celebrity,274.2K
13,Fernando Palomo @fernandopalomoespn,913.4K,1.9%,El Salvador,,274K
14,Artemio el Ruso Latino @rusolatino,911.2K,1.4%,El Salvador,,273.4K
15,Salvador Alas @lacholy4,878.4K,9%,El Salvador,,263.5K
16,Pao y Mafer Cea @innova.sv,862.6K,1.8%,El Salvador,Entertainment and Music Product Showcase,258.8K
17,elizithablanco @elizithablanco,861.7K,-,El Salvador,,258.5K
18,Chibi @chibifagoaga,839.4K,1.5%,El Salvador,,251.8K
19,Elenamorenohrqz3 @elenamorenohrqz3,755.8K,-,El Salvador,,226.7K
20,Drinkaholicssv @drinkaholicsv,744.2K,-,El Salvador,,223.3K
21,Norma Villeda @normaoficial,683.8K,-,El Salvador,Romance and Wedding,205.1K
22,Irene7sv @irene7sv,673.6K,-,El Salvador,,202.1K
23,VidenteBibianArango @videntebibianarango,630.2K,-,El Salvador,,189.1K
24,Dr. Hernández Cabezas Urólogo @urologodavidhc,628.4K,-,El Salvador,,188.5K
25,Baby Tiste 🧸 @soy_babyy,625.5K,-,El Salvador,,187.7K
26,Diego Madrid @dsvvlogs,614.7K,4.4%,El Salvador,,184.4K
27,Arle&Coshi @arlemiranda1,610.9K,-,El Salvador,Beauty and Self Care,183.3K
28,Moanaaa @yah.girl.nd,600.1K,-,El Salvador,,180K
29,Tik Toker @yaccky_2514,570.1K,-,El Salvador,,171K
30,Ralphy Perdomo ✪ @ralphyperdomo,549.9K,-,El Salvador,Fitness and Health Entertainment and Music,165K
31,Anypineda☆503♡ @anypineda503,544.7K,-,El Salvador,,163.4K
32,Tatiana @tatiana_ff7,542.9K,-,El Salvador,Video Gaming,162.9K
33,🍧🏖Estefany García🍧🏖 @estefanygarciaa,532.7K,-,El Salvador,,159.8K
34,solosad_503 @solosad_503,525.7K,-,El Salvador,,157.7K
35,Eduardo Carranza @eduarcarranzaa,496.2K,0.1%,El Salvador,,148.9K
36,Wilsonn 🌴 @fw.wilsonn,494.7K,0.8%,El Salvador,,148.4K
37,Erick @ericksamp,491.3K,0.2%,El Salvador,,147.4K
38,Dr. Rafael López Castellanos @sorprendiente,478.6K,-,El Salvador,,143.6K
39,NACIÓN SIVAR @nacionsivar,465.6K,-,El Salvador,,139.7K
40,Ronald Rivas @11ronald_rivas,465.3K,0.1%,El Salvador,,139.6K
41,_jfigs @_jfigs,458.6K,-,El Salvador,family Funny,137.6K
42,Frases de Nayib Bukele @frasesnayib,458K,0.1%,El Salvador,,137.4K
43,Cato’ @catoromero_1,455.6K,-,El Salvador,,136.7K
44,Alexis Calderon @alexiscaldern10,453K,-,El Salvador,,135.9K
45,Suzsy Orellana @suzsyorellana,452.5K,-,El Salvador,,135.8K
46,Fátima 🍒 @its_fathyy,449.4K,-,El Salvador,,134.8K
47,Oscar Canales @oscar_canales.ff,444.8K,0.2%,El Salvador,Video Gaming,133.4K
48,🌴🔥CHELE🔥🌴 @chele_503,441.8K,2.1%,El Salvador,,132.5K
49,🇸🇻🇸🇻iVANESSA🇸🇻🇸🇻🇸🇻 @vanessa.chinita,438.3K,-,El Salvador,,131.5K
50,BRAZILIAN GIRLS2 @brazilian_girlss,418.3K,-,El Salvador,,125.5K
51,Anita palma 503 🇸🇻 @analypalma.503,397.9K,-,El Salvador,,119.4K
52,el vegaa❤💯 @elvegaa._,384.7K,-,El Salvador,Video Gaming,115.4K
53,GRANT SALAZAR 🐉 @grantsalazarmm,381.1K,0.1%,El Salvador,Fitness and Health,114.3K
54,🖤🌺Marianela Hércules 🖤🌺 @gorditahercules16,365.1K,-,El Salvador,,109.5K
55,Madeby_Mey @madeby_mey,364.7K,0.5%,El Salvador,Arts and Crafts,109.4K
56,Arely @arely_ff,364.6K,0.1%,El Salvador,,109.4K
57,Noticiero El Salvador @noticierosv,363K,-,El Salvador,,108.9K
58,BTSTUFF @lulustraberry,356K,0.2%,El Salvador,,106.8K
59,Penales SV @penalessv,354.4K,0.1%,El Salvador,,106.3K
60,Jay Wheeler🥀🔥 @jaywheeler.elsalvador,350.9K,0.1%,El Salvador,,105.3K
61,Mulata❤️ @johannypalmas,349.9K,-,El Salvador,,105K
62,LaBoOnita❤️) @glendatiktokr,349.7K,-,El Salvador,,104.9K
63,Giovanni-1099 @giovanni1021,349.5K,0.1%,El Salvador,,104.9K
64,Erick Sánchez @sabroson21,349.4K,-,El Salvador,Animation and Cosplay,104.8K
65,Veronica @veronicacastro.3,344.7K,-,El Salvador,,103.4K
66,Cristek.3d @cristek.3d,336.4K,-,El Salvador,Arts and Crafts Product Showcase,100.9K
67,... @thatonefnafeditor,328.2K,0.2%,El Salvador,,98.5K
68,edgaroficial.sv @edgaroficial.sv,327.3K,-,El Salvador,,98.2K
69,Kiike Seibans @kiikees007,326K,-,El Salvador,,97.8K
70,Sol Córdova☀️ @suncordova89,325.8K,0.3%,El Salvador,,97.7K
71,🇸🇻SteffyAvelar🇸🇻 @steffanysalvadoriancurve,319.7K,-,El Salvador,Food and Drink,95.9K
72,Evans Chino ✈️🌏 @evanschino,311.4K,-,El Salvador,,93.4K
73,FERNANDA @fernsulantay,308.6K,-,El Salvador,Education Life and Society,92.6K
74,Vladimir Rodríguez @vlady_ro,308.5K,-,El Salvador,,92.6K
75,Sofia Portillo @sofiaportillo3,307.3K,-,El Salvador,Travel,92.2K
76,🍔EL YEEZY👹🇸🇻🔥 @yeezytrvp1,304.9K,-,El Salvador,,91.5K
77,<3 @mich_lyrics,304.8K,-,El Salvador,,91.4K
78,Marlene Iraheta @marleneiraheta,298.7K,-,El Salvador,,89.6K
79,dani @danielanicol_,293.9K,-,El Salvador,,88.2K
80,Rosyalberto @rosyalbertotv,292.3K,-,El Salvador,,87.7K
81,ChoteandoconRenegro @choteandoconrenegro,288.9K,3.4%,El Salvador,,86.7K
82,Salvador @salvador.0,287.1K,-,El Salvador,,86.1K
83,Jennin💜 @jennin7.7,285.3K,-,El Salvador,,85.6K
84,Yosselin Reyes 👑 @yosselinvillatoror,283.7K,-,El Salvador,,85.1K
85,🇸🇻 Josué Jovel 🇸🇻 @jovel_david,281.8K,-,El Salvador,,84.5K
86,Fatima Landaverde @fatyarevaloa2,281.6K,-,El Salvador,,84.5K
87,✨Carlos Pineda✨ @eycarlitos_,280.5K,-,El Salvador,,84.2K
88,Lisbeeeethh @lisbeeeethh01,280.2K,-,El Salvador,,84.1K
89,🦋~Fans De Mi Vida~🦋~Lili~🦋 @chona.latinoamerica.fans,277.3K,0.1%,El Salvador,,83.2K
90,🇪 🇱 🇻 🇦 🇹 🇴 ☺️ @elvato_sr,270.7K,-,El Salvador,,81.2K
91,𝐋𝐈𝐀⁷ @btsshok,270.5K,0.1%,El Salvador,,81.2K
92,David Sosa695 @davidsosa_22,267K,-,El Salvador,Entertainment and Music Travel,80.1K
93,elgustavito503 @otaku_216,267K,-,El Salvador,,80.1K
94,djmelvin_love1 @djmelvin_love1,265.4K,-,El Salvador,,79.6K
95,Ryan Escalante @ryannescalante,263.2K,0.2%,El Salvador,,79K
96,Jonathan Abel Martin @jonathan_amz,262.9K,0.1%,El Salvador,,78.9K
97,Asamblea de Memes @asambleadememes,262.7K,-,El Salvador,,78.8K
98,Pupuseria Doña Luly @pupuseria_dona_luly,262.6K,-,El Salvador,Food,78.8K
99,◥꧁ད@beto༒516ཌ꧂◤🇸🇻 @beto516,262.6K,0.5%,El Salvador,,78.8K
100,TXT ➕✖️➕ @chinggumoa,261.3K,0.6%,El Salvador,,78.4K
