#,NAME,FOLLOWERS,ER,COUNTRY,TOPIC OF INFLUENCE,POTENTIAL REACH
1,nourmar5 @nourmar5,14.5M,0.2%,United Arab Emirates,,4.4M
2,INSTASAMKA @samkamusic,13.2M,-,United Arab Emirates,Entertainment and Music,4M
3,ميتو الشامسي @iimeeto,12.6M,-,United Arab Emirates,,3.8M
4,sunny kalra @sunny_kalra55,12.3M,-,United Arab Emirates,,3.7M
5,Faryal 🧚🏻♀️ @faryal_fairyyy,9.8M,-,United Arab Emirates,,2.9M
6,Milaadk @milaadkmagic,6.1M,-,United Arab Emirates,,1.8M
7,Amar&Rim @amar.rim,4.5M,-,United Arab Emirates,,1.4M
8,Elena elSabbagh @elenaelsabbagh,4.5M,-,United Arab Emirates,,1.4M
9,MBC1 @mbc1,3.6M,-,United Arab Emirates,Entertainment and Music,1.1M
10,Elena Akbik @akbikelena,3.6M,-,United Arab Emirates,Fashion and Accessories Product Showcase,1.1M
11,كوتش بيان 💪🏼 @bayan.dxb,3.4M,-,United Arab Emirates,,1M
12,niginaa1__❤️ @niginn_,3.1M,-,United Arab Emirates,,930K
13,MiMo مريم جورج @mimogeorge,3M,-,United Arab Emirates,,900K
14,الأب الفرفوش @khaledelcapitano0,3M,-,United Arab Emirates,,900K
15,OSHA SALAH @sherifeldahshoury,2.7M,-,United Arab Emirates,,810K
16,محمد جواني @mohamad_gwani,2.6M,-,United Arab Emirates,,780K
17,Rumi Munawar @rumiuae,2.5M,-,United Arab Emirates,Education,750K
18,Lana Rose @lana.rose786,2.2M,-,United Arab Emirates,Fashion and Accessories Entertainment and Music,660K
19,Mustafa kamal @mustafa_kamal13,2.1M,-,United Arab Emirates,Photography,630K
20,Shemsou-bnb @shemsou_bnb,2M,-,United Arab Emirates,Travel Outdoor Activity,600K
21,Hamza Aly @hamzaalyofficial,2M,-,United Arab Emirates,,600K
22,Saima H Rajput @saima.uae,2M,-,United Arab Emirates,Funny,600K
23,Hadia Ghaleb @hadiaghaleb,1.8M,-,United Arab Emirates,Fashion and Accessories Travel,540K
24,Abdulla 🇦🇪 @hh_abdullah,1.8M,-,United Arab Emirates,,540K
25,Mohamad_hayat @mohamad_hayat,1.6M,-,United Arab Emirates,,480K
26,Alba Dubai✌️ @albadubai,1.5M,-,United Arab Emirates,Entertainment and Music Funny,450K
27,VIP Motors @vipmotorsuae,1.5M,-,United Arab Emirates,,450K
28,Nidhi Kumar @nidhikumardance,1.3M,-,United Arab Emirates,Entertainment and Music,390K
29,remiesalloum @remiesalloum,1.2M,-,United Arab Emirates,Entertainment and Music,360K
30,MBC Drama @mbcdrama,1.2M,-,United Arab Emirates,Acting and Drama,360K
31,خـــــــــــــ130ــــــــلدون @khaldoun130,1.2M,-,United Arab Emirates,,360K
32,Andreas @mynameisandreas,1.1M,-,United Arab Emirates,Travel Entertainment and Music,330K
33,د.أشرف العسال | Ashraf Elassal @dr.ashrafelassal,1.1M,-,United Arab Emirates,,330K
34,Zayn.shahh @zayn.shahh,1.1M,-,United Arab Emirates,Fashion and Accessories,330K
35,Kareem_afghani @mr_kareem,1M,-,United Arab Emirates,Arts and Crafts,300K
36,توماس شيلبي @tooms7,1M,-,United Arab Emirates,,300K
37,Czn Burak Dubai @cznburakdubai,983.9K,0.1%,United Arab Emirates,,295.2K
38,Beki’s world @beki_ksri,978.9K,-,United Arab Emirates,,293.7K
39,Dhanya S Rajesh💫 @helen_of_sparta,978.2K,-,United Arab Emirates,,293.5K
40,Shd.208 @shd.208,963.5K,-,United Arab Emirates,,289.1K
41,Bin.salayem alketbi @dubai.a,961.6K,-,United Arab Emirates,,288.5K
42,Saim Shah @cutiesaim,920.3K,-,United Arab Emirates,,276.1K
43,محمد حراجلي @mohammad.harajli,918.7K,0.2%,United Arab Emirates,Health and Medical Services,275.6K
44,It's Oza @its_oza,917.2K,0.1%,United Arab Emirates,,275.2K
45,Maanu Malik @maanumalikofficial,897.4K,-,United Arab Emirates,,269.2K
46,THICK FIBER @thick.fiber,895.9K,-,United Arab Emirates,Beauty and Self Care Product Education,268.8K
47,Shaikh Annie @shaikh_annie,874.1K,-,United Arab Emirates,,262.2K
48,Naseem El Ramlawy @learnarabic_with_naseem,868.2K,-,United Arab Emirates,Education,260.5K
49,Tokyo Phone @tokyo_phone,867.3K,-,United Arab Emirates,,260.2K
50,Khalid HussainAnfar @khalidanfar_,863.6K,-,United Arab Emirates,Beauty and Self Care,259.1K
51,𝑵𝑼𝑺𝑨𝑺𝑨𝑵𝑼 @nusasanu,862.7K,0.2%,United Arab Emirates,,258.8K
52,🌚🇦🇪 @a_0_11,857.6K,0.3%,United Arab Emirates,,257.3K
53,Museum Of Illusions Dubai @museumofillusionsdubai,849.4K,-,United Arab Emirates,,254.8K
54,Guddu & Papa @guddu_and_papa,846.9K,0.1%,United Arab Emirates,Entertainment and Music family,254.1K
55,وصفات لونا 💓 @luna.recipes,845.8K,-,United Arab Emirates,,253.7K
56,RaniaAli @raniaalitv,838.3K,-,United Arab Emirates,Entertainment and Music Fashion and Accessories,251.5K
57,Lusan Khan @lusankhan,833.3K,-,United Arab Emirates,Fitness,250K
58,اليوتيوبر بارمنه GAMING @56.h5,832.4K,-,United Arab Emirates,,249.7K
59,الزعيم 🇦🇪 @naif__63,830.8K,-,United Arab Emirates,,249.2K
60,BAZ @bazstation,829K,-,United Arab Emirates,,248.7K
61,Khaled @200zzz,828.5K,0.2%,United Arab Emirates,,248.6K
62,Mohamed Samir Dubaiمحمد سمير @mohamedsamirdubai,826.9K,-,United Arab Emirates,Health and Medical Services,248.1K
63,AboFalah_أبو فله @aboflah______1,826.5K,-,United Arab Emirates,,248K
64,swathi1997🥀 @swathie_,826.5K,-,United Arab Emirates,Travel,248K
65,anakrantau255 @anakrantau255,822.9K,-,United Arab Emirates,,246.9K
66,محبوبة اليمن سفيرة الرحمة💕 @mahbubatalyaman.uae,820.7K,-,United Arab Emirates,,246.2K
67,R and A @indhay_14,813.9K,-,United Arab Emirates,,244.2K
68,HaDen CH @haden_ch,811.2K,-,United Arab Emirates,Entertainment and Music,243.4K
69,Saif Belhasa @sb_belhasa,810.1K,-,United Arab Emirates,,243K
70,𝙎𝘼𝙃𝙄𝙇𝙎𝙃𝘼𝙃 ♥️ @isahilshahh,808.6K,-,United Arab Emirates,,242.6K
71,Mohtawa - محتوى @mohtawaae,804.9K,-,United Arab Emirates,,241.5K
72,مِـنٌهِ آلَلَهِ حًـسًـيّنٌ @mennahussien90,794.7K,0.1%,United Arab Emirates,,238.4K
73,🇦🇪Dubai ki Loundiya👸🏻🔥 @dil_lakmali,793K,-,United Arab Emirates,,237.9K
74,Shiraz.dubai369 @shiraz.dubai369,788.1K,-,United Arab Emirates,Beauty,236.4K
75,shadi jamal @shadijamal,785.4K,-,United Arab Emirates,Entertainment and Music,235.6K
76,Mrs_Alhussein @megi_alhussein,782.9K,-,United Arab Emirates,,234.9K
77,بن صويلح @b9w.e,780.3K,4.3%,United Arab Emirates,,234.1K
78,Achraf_haddoumi @achraf.haddoumi,768.2K,-,United Arab Emirates,Entertainment and Music,230.5K
79,JamaL @imjjamal,766.2K,0.6%,United Arab Emirates,,229.9K
80,الاخ المثالي 🇦🇪 @thanosxcia,759.2K,-,United Arab Emirates,,227.8K
81,Salwa Mustafa Kamal @salwa_mustafakamal,753.6K,-,United Arab Emirates,,226.1K
82,MURAD 🤍 @mradmrad95,745K,-,United Arab Emirates,,223.5K
83,🧕🏼ثورية @omgsuraiya,744.9K,-,United Arab Emirates,Entertainment and Music,223.5K
84,علاءالدين @alaajehad16,740.4K,-,United Arab Emirates,Arts and Crafts,222.1K
85,Dubaitiktokgirlx5 @leezabindra5,734K,-,United Arab Emirates,,220.2K
86,𝙅𝙞𝙖𝙣𝙣𝙚 @j98772,732K,-,United Arab Emirates,,219.6K
87,Aljurdi Twins @aljurditwins,727.4K,-,United Arab Emirates,,218.2K
88,emarati_nation @emarati_nation,718.5K,-,United Arab Emirates,,215.6K
89,Yusuf @yusuftruth,706.9K,-,United Arab Emirates,Life and Society,212.1K
90,🤴ABDELMOUMENE📍🇦🇪🍕💪 @pizzariomoumene,692.1K,-,United Arab Emirates,,207.6K
91,Shona❤ @daudshona1,687.8K,-,United Arab Emirates,,206.3K
92,حمزة حافظ @96k96,685K,-,United Arab Emirates,,205.5K
93,Henna & Tattoo in Dubai @hennatattoodubai,679.9K,-,United Arab Emirates,Beauty and Self Care Arts and Crafts Fashion and Accessories,204K
94,Катя | тачки | Дубай 🇦🇪 @komukota,679.7K,0.1%,United Arab Emirates,,203.9K
95,Isha Rana @isha_ranaa,677.3K,0.1%,United Arab Emirates,,203.2K
96,توينز هضبان @twinshadban,676K,-,United Arab Emirates,,202.8K
97,Tresorfie @tresorfie,675.1K,-,United Arab Emirates,,202.5K
98,Josh McCartney @memorycoach,666.7K,-,United Arab Emirates,,200K
99,abudhabitv @abudhabitv,666.4K,-,United Arab Emirates,,199.9K
100,VVIP @vvip,665.2K,-,United Arab Emirates,Entertainment and Music,199.6K
