#,NAME,FOLLOWERS,ER,COUNTRY,TOPIC OF INFLUENCE,POTENTIAL REACH
1,Bruce Lee @brucelee,11.6M,0.09%,Hong Kong,Entertainment and Music Actors,3.5M
2,G.E.M.鄧紫棋 @gem0816,7.5M,1.21%,Hong Kong,Entertainment and Music Music Celebrity Songwriting,2.3M
3,Jackie Chan 成龍 @jackiechan,5.7M,9.47%,Hong Kong,Celebrity Music,1.7M
4,Maxim Mernes @mernesmax,4.1M,0.07%,Hong Kong,Business and Finance,1.2M
5,Shawn Yue @lok666,4.1M,0.29%,Hong Kong,Art Celebrity Actors,1.2M
6,Isabelle Daza-Semblat @isabelledaza,3.6M,0.83%,Hong Kong,Art Sports Fashion Travel,1.1M
7,Donnie Yen @donnieyenofficial,2.9M,1.67%,Hong Kong,Entertainment and Music Acting and Drama Parenting Actors,855.3K
8,@williamchanwaiting,1.8M,11.22%,Hong Kong,Celebrity Modeling,527K
9,Stephen Chow @stephenchow,1.7M,0.71%,Hong Kong,Entertainment and Music Animation and Cosplay,501.4K
10,Jackie Chan @eyeofjackiechan,1.7M,5.16%,Hong Kong,Entertainment and Music,496.5K
11,Fiona Sit 薛凱琪 @physit,1.5M,0.27%,Hong Kong,Entertainment and Music Fashion and Accessories Celebrity Music,457.1K
12,PAKHO CHAU | 周柏豪 | PUNKHIPPIE @punkhippie,1.5M,0.57%,Hong Kong,Fashion and Accessories Careers Music Celebrity,440.2K
13,Charlene Choi @choisaaaa,1.5M,1.27%,Hong Kong,Fashion and Accessories Actors,435.2K
14,林明禎 @minchen333,1.4M,2.37%,Hong Kong,Fashion and Accessories Video Gaming Coaching Celebrities,432.7K
15,Nancy Wu 胡定欣 @nwuuu,1.4M,0.55%,Hong Kong,Photography Actors,423.9K
16,💫Charmaine Sheh 佘詩曼💫 @charmaine_sheh,1.2M,0.8%,Hong Kong,Acting and Drama Celebrity Actors Cooking,370.7K
17,Priscilla Wong 黃翠如 @wongtsuiyu,1.2M,1.69%,Hong Kong,Entertainment and Music Food,367.1K
18,Hins Cheung 張敬軒 @hinscheung,1.2M,3.08%,Hong Kong,Entertainment and Music Music Modeling,346.1K
19,Yumi黃詩棋🌟 @yumiwong_official,1.1M,0.78%,Hong Kong,Fashion and Accessories Celebrity Actors Actor,343.8K
20,Eliza Sam 岑麗香 @heungheungeliza,1.1M,1.1%,Hong Kong,Entertainment and Music Celebrity,337K
21,楊千嬅Miriam Yeung @yeungchinwah,1.1M,0.52%,Hong Kong,Entertainment and Music Celebrity Actors,335.6K
22,Ali 李佳芯 @aliaime,1.1M,0.93%,Hong Kong,Acting and Drama Celebrity Actors,328.5K
23,🧘🏻‍♀️C O F F E E L A M🧘🏻‍♀️ @coffee89921,1.1M,1.46%,Hong Kong,Fitness Yoga Modeling Public Figure,323.1K
24,周秀娜 Chrissie Chau @chrissienana,1.1M,0.9%,Hong Kong,Entertainment and Music Fashion and Accessories Actors,315.6K
25,Joey Yung 容祖兒 @yungchoyee,1M,0.72%,Hong Kong,Romance and Wedding Music Modeling,310.9K
26,KEUNG TO 姜濤 @keung_show,1M,4.82%,Hong Kong,Entertainment and Music Modeling,309.2K
27,邵岱兒 Debbie🐢 @yehdeb,1M,2.45%,Hong Kong,Fashion and Accessories Lifestyle Styling Public Figure,304.1K
28,成龍 Jackie Chan @jackiechan.official,1M,5.8%,Hong Kong,Modeling Actors Fashion,301.4K
29,Myolie Wu @myoliemyolie,999.8K,0.81%,Hong Kong,Entertainment and Music Celebrity Actors,299.9K
30,𝓞𝓵𝓲𝓿𝓲𝓪 𝓥𝓪𝓼𝓲𝓵𝓸𝓹𝓸𝓾𝓵𝓸𝓼🌹 @olivia.vasilopoulos,958K,1.18%,Hong Kong,Fashion,287.4K
31,香港蘋果日報 @appledailyhk,938.1K,1.6%,Hong Kong,News,281.4K
32,IU (아이유) ※ 이지은·李知恩·Leejieun @iu_leejieun516,921.8K,2.73%,Hong Kong,Entertainment and Music Music,276.5K
33,Q_gill @q_gill,919.2K,0.96%,Hong Kong,Entertainment and Music Celebrity Actors Styling,275.8K
34,Sammi Cheng Sau Man @sammi_chengsauman,908.5K,0.59%,Hong Kong,Art Music,272.6K
35,Linda Chung 鍾嘉欣 @chungkayanlinda,905.3K,1.34%,Hong Kong,Entertainment and Music Moms Singer Music,271.6K
36,Natalie 唐詩詠 @natalietong53,902.7K,1.78%,Hong Kong,Funny Actors,270.8K
37,張繼聰 Louis @louischeung2013,801.1K,0.43%,Hong Kong,Entertainment and Music Music Celebrity,240.3K
38,L I Z Z C H L O E 彤彤 @lizzchloe,787.4K,1.04%,Hong Kong,Food Entertainment and Music Modeling Public Figure,236.2K
39,黃智雯 𝑴𝒂𝒏𝒅𝒚 🌸 @wong_manman,773.9K,0.94%,Hong Kong,Acting and Drama Celebrity Lifestyle,232.2K
40,古天樂 Louis Koo @kootinlok_louis,773.6K,0.94%,Hong Kong,Acting and Drama Celebrity Actors,232.1K
41,𝘨𝘳𝘢𝘤𝘦 ♥ 陳凱琳 @ghlchan,765.1K,0.55%,Hong Kong,Fashion and Accessories Food Arts and Crafts Parenting,229.5K
42,JEANNIE @missjni,747.7K,1.65%,Hong Kong,Product Showcase Celebrity Modeling,224.3K
43,🦋Ko Ling 高海寧 @sammkoling,737.2K,1.1%,Hong Kong,Food Celebrity Modeling Entertainment,221.1K
44,𝓜𝓸𝓸𝓷 𝓛𝓪𝓾 劉佩玥❥ @arryuu,723.1K,2.46%,Hong Kong,Celebrity Actors,216.9K
45,Laurinda Ho 何超蓮 @laurinda_ho,721.4K,0.4%,Hong Kong,Food,216.4K
46,Kelly Cheung 張曦雯 @kelllycheung,714.7K,2.85%,Hong Kong,Fashion and Accessories Romance and Wedding Entertainment and Music Product Showcase,214.4K
47,Kay Tse 謝安琪 @kaytse,712.1K,0.88%,Hong Kong,Arts and Crafts Photography,213.6K
48,Hedy 海兒 @hedy_hoiyi,706.4K,1.59%,Hong Kong,Careers Music,211.9K
49,Edan Lui 呂爵安 @edanlui,690.1K,6.37%,Hong Kong,Entertainment and Music Music Singer,207K
50,袁詠儀 靚靚 @anitayuenwy,679.5K,2.1%,Hong Kong,,203.8K
51,G. Racie 王 君 馨 @gwgurlie86,672.6K,0.91%,Hong Kong,Entertainment and Music Music Celebrity Moms,201.8K
52,Taylor R @taytay_xx,660.1K,2.2%,Hong Kong,Fashion and Accessories family Parenting Lifestyle,198K
53,HongKongDoll🌸 @hongkong_doll,656.2K,2.16%,Hong Kong,,196.9K
54,Ching Chan @dadachan,651.6K,2.09%,Hong Kong,Acting and Drama Celebrity Actors Film,195.5K
55,Pomato 小薯茄 @pomatohk,645.6K,1.23%,Hong Kong,Pets Art,193.7K
56,Tracy Chu @tracytschu,623.4K,1.62%,Hong Kong,Fashion Modeling,187K
57,J Lou 林欣 @jlouofficial,615.2K,2.66%,Hong Kong,Fashion and Accessories Modeling,184.6K
58,Wyman Wong 黃偉文 @concertyy,603K,1.36%,Hong Kong,Arts and Crafts Modeling,180.9K
59,郭嘉駿 Denis Kwok 193 @deniskwok193,594.5K,1.65%,Hong Kong,,178.3K
60,Ophelia @in.templum.ophelia,585K,1.34%,Hong Kong,Beauty and Self Care Entertainment and Music Hair & Beauty Celebrities,175.5K
61,Sammy Leung 森美 @sammy903,581.5K,1.24%,Hong Kong,Pets Actors Modeling,174.5K
62,pesto @pestosalad,580.3K,105.48%,Hong Kong,,174.1K
63,Johnson Tsang @johnson_tsang_artist,580.2K,4.09%,Hong Kong,Arts and Crafts Painting Visualizations,174.1K
64,Derek Tang | Hong Kong 🇭🇰 @derek_tch,562.5K,0.19%,Hong Kong,Photography,168.8K
65,范鴻志 RICHARD JUAN 홍준 @richardjuan,561.2K,10.15%,Hong Kong,Entertainment and Music Romance and Wedding Upskilling Business and Finance,168.4K
66,Rosina Lam 林夏薇 @rosinalam,559.7K,1%,Hong Kong,Acting and Drama Celebrity Modeling,167.9K
67,jumbo tsang曾淑雅 @jumbotsang,558.8K,1.87%,Hong Kong,Fitness and Health Outdoor Activity Education Upskilling,167.6K
68,田 蕊妮 @tinyuilee,548.1K,1.08%,Hong Kong,Music Public Figure,164.4K
69,Tina Leung 梁伊妮 @tinaleung,534.2K,0.48%,Hong Kong,Fashion and Accessories Modeling Lifestyle Celebrities,160.2K
70,Mc 張天賦 @mcheung1201,532.3K,7.27%,Hong Kong,Entertainment and Music Music,159.7K
71,Aimee Chan 陳茵媺 @aimeechan_official,530.5K,1.42%,Hong Kong,Acting and Drama Celebrity Food,159.1K
72,StephyTang @stboo,528.1K,1.45%,Hong Kong,Fashion Modeling Styling,158.4K
73,Kin Ryan 文健 @kinryyy,514.3K,7.49%,Hong Kong,Fashion,154.3K
74,李亞男Leanne @therivergirl,509.8K,0.35%,Hong Kong,Fashion and Accessories Careers Food Recipes,152.9K
75,鬥士迷因 Fighter Meme @fighterstudiohk1,484.4K,2.07%,Hong Kong,,145.3K
76,GIANN CHAN @chan.tsz.ying,481.6K,0.71%,Hong Kong,Travel Photography Basketball,144.5K
77,Vincent Wong 王浩信 @vincentwong07,478.4K,0.55%,Hong Kong,Celebrity,143.5K
78,Katy Official @kungkaty,464.5K,0.88%,Hong Kong,Beauty and Self Care Celebrity,139.3K
79,Louisa Mak 麥明詩 @louisa_mak,455.7K,3.09%,Hong Kong,Acting and Drama Careers Celebrity Modeling,136.7K
80,Gigi黎姿 @gigilai_official,446.1K,1.32%,Hong Kong,Beauty Business and Finance Actors,133.8K
81,Rinaldy Yunardi @rinaldyyunardi,441.6K,0.32%,Hong Kong,Fashion and Accessories Modeling Fashion Design,132.5K
82,WONG MAN YIK @wongmanyik,441.4K,3.07%,Hong Kong,Entertainment and Music,132.4K
83,鄭裕玲 Do Do Cheng @do_do_cheng,434.7K,1.76%,Hong Kong,,130.4K
84,H E I D I 李靜儀 @heidibibe,432.8K,2.28%,Hong Kong,Entertainment and Music Food Modeling,129.8K
85,Denise Ho @hoccgoomusic,427.5K,1.29%,Hong Kong,Entertainment and Music Singer Songwriting Music,128.2K
86,Edwin Siu @edwinsiu,420.9K,1.53%,Hong Kong,Actors,126.3K
87,Tiffany Lau 劉穎鏇 @itstiffanylau,416.6K,2.45%,Hong Kong,Fashion and Accessories Celebrity,125K
88,Crystal Fung @crystalfyy,416.5K,1.7%,Hong Kong,Food Food and Drink Actors Modeling,125K
89,譚杏藍 ʜᴀɴᴀ ᴛᴀᴍ @hanatam,414.7K,0.64%,Hong Kong,Fashion and Accessories Product Showcase Careers Modeling,124.4K
90,Plastic Thing @plasticthing,408.2K,1.4%,Hong Kong,Arts and Crafts,122.5K
91,Z M @iamlilfroggy,405.2K,2.27%,Hong Kong,Parenting,121.6K
92,Middle @mid810,402.5K,3.21%,Hong Kong,,120.8K
93,吳若希 @jinnyng,399.9K,0.42%,Hong Kong,family Entertainment and Music Music Food,120K
94,朱晨麗 @rebecca_zhu,394.9K,1.2%,Hong Kong,Fashion and Accessories Entertainment and Music Parenting Actors,118.5K
95,胡鴻鈞 | Hubert Wu @hubertwu,394.1K,2.25%,Hong Kong,Fashion Food,118.2K
96,蔡思貝 SISLEY CHOI @sisleychoi,391.4K,2.64%,Hong Kong,Fashion and Accessories Actors Modeling,117.4K
97,Sam's Tailor @samstailor,386.5K,0.35%,Hong Kong,Shopping,116K
98,Peter Tam.K.T 베드로·담가준 @petertamkt,382.3K,0.3%,Hong Kong,Photography Food Chef,114.7K
99,Lee.K @leekillust,378.9K,1.49%,Hong Kong,Arts and Crafts Drawing Illustrator,113.7K
100,Harimao Lee | Hong Kong 🇭🇰 @harimaolee,375.7K,1.6%,Hong Kong,Photography Travel Hair & Beauty Photographer,112.7K
