#,NAME,FOLLOWERS,ER,COUNTRY,TOPIC OF INFLUENCE,POTENTIAL REACH
1,Kooora.com @kooora,328.4K,0.25%,Saudi Arabia,Sports,98.5K
2,أخبار السعودية @saudinews50,275.4K,0.55%,Saudi Arabia,Education Life & Society,82.6K
3,Hisham Baeshen - هشام باعشن @misho_baeshen,251.4K,0.16%,Saudi Arabia,Food,75.4K
4,لنفسي ⚜️ @aghar_fb,211K,0.38%,Saudi Arabia,,63.3K
5,SHASHTARI TWINS 👬 @shashtaritwinss,195K,0.84%,Saudi Arabia,family,58.5K
6,ArabWood @arabwoodtv,183.8K,0.38%,Saudi Arabia,Entertainment & Music,55.1K
7,S7S👌🏻سحس @hussain.sallam,167.2K,0.25%,Saudi Arabia,Entertainment & Music,50.2K
8,GOAL Arabia @goalarabia,163.4K,0.35%,Saudi Arabia,Personal Blog,49K
9,غرام || الصفحة الرسميّة @gharam_official,159.1K,1.31%,Saudi Arabia,Life & Society,47.7K
10,شيف عمر CHEF OMAR @chef1omar,142.4K,0.67%,Saudi Arabia,Food,42.7K
11,Tareq Al-Harbi @6ar8o,138.1K,0.25%,Saudi Arabia,Arts & Crafts,41.4K
12,ALEX @alexanderuloom,126K,1.87%,Saudi Arabia,Entertainment & Music,37.8K
13,Abdullah Bakr | عبدالله بكر @boodyzozo,125.9K,2.14%,Saudi Arabia,Beauty & Self Care Fashion & Accessories,37.8K
14,Nahla نهلة ✨ @nahlatv,112.8K,0.99%,Saudi Arabia,Entertainment & Music,33.9K
15,Mohammad Nabeel @m_nabil79,105.6K,1.36%,Saudi Arabia,Entertainment & Music,31.7K
16,ميتو الشامسي | Mohammed Shamsi @imeeto,102.1K,0.61%,Saudi Arabia,Entertainment & Music Funny,30.6K
17,Salam Katanani • سلام قطناني @salamkatanani,97.3K,1.32%,Saudi Arabia,Science Business,29.2K
18,اطيب طبخة - atyabtabkha @atyabtabkha,93.4K,0.05%,Saudi Arabia,Food,28K
19,Majid Almohandis ماجد المهندس. @majidalmohandis,75.6K,4.39%,Saudi Arabia,Entertainment & Music,22.7K
20,#ميلا_الزهراني @milaalzahrani,71.7K,-,Saudi Arabia,Acting & Drama,21.5K
21,Celebs Arabic @celebsarabicnet,69.6K,0.38%,Saudi Arabia,Entertainment & Music,20.9K
22,Omar Borkan عمر بركان @omarborkan,68.7K,0.5%,Saudi Arabia,,20.6K
23,KFC Arabia @kfcarabia,67.1K,0.17%,Saudi Arabia,Food,20.1K
24,Saudi Gamer - سعودي جيمر @saudigamer,67K,0.2%,Saudi Arabia,Animation & Cosplay Games,20.1K
25,XZIT @xzit_thamer,64.9K,0.23%,Saudi Arabia,Games,19.5K
26,مكتبة جرير السعودية @jarirbookstore,62.9K,0.1%,Saudi Arabia,Education,18.9K
27,الربع ... صديق الكل @rbaa33,56.8K,0.77%,Saudi Arabia,Art & Crafts DIY & Life Hacks Education Upskilling,17K
28,ثنيان خالد || Thunayyan Khalid @thunayyan16,53.8K,-,Saudi Arabia,Finance Business,16.1K
29,Shereen Anwar شيرين أنور @shereen.anwarr,51.6K,0.21%,Saudi Arabia,Fashion & Accessories,15.5K
30,A⃨l⃨a⃨n⃨o⃨u⃨d⃨ B⃨a⃨d⃨r⃨ • العنود بدر @fozaza,51.4K,0.31%,Saudi Arabia,Fashion & Accessories,15.4K
31,Nader Alqalaa | نادر القلعة @itec.talk,50.4K,0.37%,Saudi Arabia,Education,15.1K
32,Mutlaq | مطلق @mutlaq_alsultan,48.2K,0.94%,Saudi Arabia,,14.5K
33,جم نادز @gymnadz,48.2K,0.06%,Saudi Arabia,Fitness & Health,14.5K
34,Waleed Al Sebaie وليد السباعي @waleedalsebaei,45K,0.3%,Saudi Arabia,Entertainment & Music,13.5K
35,Hana | هانا 🇸🇦🇬🇧 @itsalwayshana,44.1K,0.08%,Saudi Arabia,Education Life & Society,13.2K
36,Dakar Rally @dakarrally,42.9K,0.17%,Saudi Arabia,Auto and Vehicles Sports,12.9K
37,أفنان الجوهر @fno_algohr,41.9K,0.88%,Saudi Arabia,Entertainment & Music Fashion & Accessories,12.6K
38,CNBC Arabia @cnbcarabiatv,41.8K,0.06%,Saudi Arabia,Finance Education,12.5K
39,Telfaz11 تلفاز١١ @telfaz11,41.7K,0.55%,Saudi Arabia,Entertainment & Music,12.5K
40,Chefman | تيمور الموج @taimourmauge,41.5K,0.54%,Saudi Arabia,Travel,12.5K
41,Amal Abdulghafoor Albalooshi @amal_albalooshi,41.5K,0.42%,Saudi Arabia,Arts & Crafts,12.4K
42,Eleen Suliman | الين سليمان 🇸🇦 @eleen_su,41.3K,0.28%,Saudi Arabia,Fashion & Accessories Beauty & Self Care,12.4K
43,Nandi_Madida 🇿🇦 @nandi_madida,40.7K,0.77%,Saudi Arabia,Business and Finance Celebrity Entertainment & Music Fashion & Accessories,12.2K
44,✨ سعودي ريبورترز ✨ @saudireporters,40.2K,-,Saudi Arabia,Entertainment & Music,12.1K
45,Haya Sawan®هيا صوان 🇸🇦 @hayasawan_official,39.5K,0.48%,Saudi Arabia,Fitness & Health,11.9K
46,طوركي وعبدالله ✨ | ABDULLAH ALGHAMDI @trke_m,39.5K,0.94%,Saudi Arabia,Entertainment & Music Funny,11.9K
47,جودي سكيت | Jode Skate @1jode,39.3K,0.25%,Saudi Arabia,Sports,11.8K
48,عبدالله | ملزلز @m5aoi,38.8K,6.57%,Saudi Arabia,Education Games,11.7K
49,Fahad فهد السالم @fhedan_s,37.4K,0.74%,Saudi Arabia,Beauty & Self Care,11.2K
50,Zainab Alblushi زينب البلوشي 🇸🇦🇰🇷 @zainab.alblushi,37.3K,1.61%,Saudi Arabia,Beauty & Self Care,11.2K
51,Alice @aliceabdelaziz,36.9K,0.14%,Saudi Arabia,Travel,11.1K
52,Majed Alzaabi ماجد الزعابي @majedphotos,36.3K,0.18%,Saudi Arabia,Nature Photography,10.9K
53,IBRAHIM SALEH | ابراهيم صالح @ibrahim_86,34.6K,0.13%,Saudi Arabia,Product Showcase,10.4K
54,3a2ilati | عائلتي @3a2ilati,34.5K,0.06%,Saudi Arabia,family,10.4K
55,Sadia Mansoor @sadiaslayy,34.1K,0.24%,Saudi Arabia,Beauty & Self Care Education,10.2K
56,see | عربي @seeonar,34K,0.03%,Saudi Arabia,Entertainment & Music,10.2K
57,Gentooshop™️ @gentooshop,33.6K,0.14%,Saudi Arabia,,10.1K
58,تريدنق | FIFA 23 ⚽️🎮 @ultimete_team_trading,33.5K,0.19%,Saudi Arabia,Finance,10K
59,Abdullah Jamil | عبدالله جميل @abdoh4magic,32.9K,0.73%,Saudi Arabia,Entertainment & Music,9.9K
60,المراعي-Almarai @almarai,31.6K,-,Saudi Arabia,Food,9.5K
61,Bader Saleh @bidzsaleh,31.4K,0.55%,Saudi Arabia,Entertainment & Music,9.4K
62,Arab News @arabnews,30.7K,-,Saudi Arabia,News Media,9.2K
63,Arshie Larga @arshiethromycin,30.3K,2%,Saudi Arabia,,9.1K
64,South America @southamerica,30.3K,-,Saudi Arabia,Travel Photography,9.1K
65,LEEN @the_trendyfashion,29.8K,0.02%,Saudi Arabia,Fashion & Accessories,8.9K
66,Faten Mahmoud/فاتن محمود @fatenuser,29.3K,0.15%,Saudi Arabia,Food,8.8K
67,alooytv | مسلسلات خليجية @muslslat22,28.7K,0.17%,Saudi Arabia,Entertainment & Music,8.6K
68,علي باشا Ali Basha @bashacook.ar,28.4K,0.1%,Saudi Arabia,Food,8.5K
69,Mohammed Sal | محمد سال @moasalem,28.3K,0.53%,Saudi Arabia,Food Entertainment & Music,8.5K
70,فلاورد | Floward @flowardco,28.2K,0.08%,Saudi Arabia,Gifts & Flowers,8.5K
71,Bader Hakeem | بدر حكيم @bader_hakeem,27.8K,1.39%,Saudi Arabia,Entertainment & Music,8.3K
72,عبدالعزيز الصميلي 🇸🇦 @azizsamily,27.7K,0.82%,Saudi Arabia,Entertainment & Music,8.3K
73,ماكدونالدز 🇸🇦وسطى/شرقية/شمالية @mcdonaldsksa,27.7K,0.05%,Saudi Arabia,Food,8.3K
74,‏النادي الأهلي السعودي @alahliclub.sa,27.2K,2.18%,Saudi Arabia,Sports,8.2K
75,رياض الخالد 🍴 @rodr_1997,27K,0.49%,Saudi Arabia,Food,8.1K
76,FAISAL BANDAR @fai36b,26.5K,1.65%,Saudi Arabia,Life & Society,7.9K
77,Mahmoud Faisal @m.f85,26.4K,0.2%,Saudi Arabia,Auto and Vehicles,7.9K
78,sarahdundarawy سارة دندراوي @sarahdundarawy,25.5K,0.3%,Saudi Arabia,Entertainment & Music Education,7.6K
79,Aajeedh Khaliq @aajeedh_khalique,25.4K,0.32%,Saudi Arabia,Entertainment & Music,7.6K
80,المدرج الذهبي @almdrj_althahbi,25.1K,0.35%,Saudi Arabia,Entertainment & Music,7.5K
81,AnmarFit - انمار فت @anmarfit,24.9K,0.2%,Saudi Arabia,Fitness & Health,7.5K
82,دانكن السعودية @dunkindonutsksa,24.9K,0.27%,Saudi Arabia,Food,7.5K
83,حسين الحريبي @7uss.n,23.9K,0.86%,Saudi Arabia,Funny Life & Society,7.2K
84,sama jaad | سما جاد @sama_jaad,23.3K,0.2%,Saudi Arabia,Food,7K
85,هاشتاق السعودية @hashksa,23K,0.14%,Saudi Arabia,,6.9K
86,الهدايا سنتر | Alhadaya Center @alhadayacenter,22.9K,0.23%,Saudi Arabia,Education,6.9K
87,مشاريع السعودية Saudi Projects @saudiprojects,21K,0.08%,Saudi Arabia,Finance,6.3K
88,د. ملاك الحسيني @malak_alhusaini,20.9K,0.5%,Saudi Arabia,Education,6.3K
89,KHALID ALOLAYAN 🇸🇦🐪 @al3lyan15,20.7K,0.7%,Saudi Arabia,Sports,6.2K
90,RT Online @rtonline_ar,20.6K,0.18%,Saudi Arabia,Auto and Vehicles,6.2K
91,Karim Mesallam @karim_mesallam,20.5K,0.24%,Saudi Arabia,Photography,6.2K
92,Eyad Tannous اياد طنوس @eyadtannos,20.1K,0.31%,Saudi Arabia,Art & Crafts,6K
93,𝗦𝗔𝗟𝗧 @findsalt,19.9K,0.04%,Saudi Arabia,,6K
94,Darin Al Bayed • دارين البايض @darin00013,19.8K,0.23%,Saudi Arabia,Fashion & Accessories Beauty & Self Care,5.9K
95,Safa @safa.hasniharcha,19.8K,0.7%,Saudi Arabia,Education,5.9K
96,MOKAB | مكعب @mokabstore,19.6K,0.42%,Saudi Arabia,Product Showcase,5.9K
97,Moe زين @moezeindtb,19.6K,0.04%,Saudi Arabia,Entertainment & Music,5.9K
98,Dana Halabi - دانا حلبي @danahalabiworld,19.2K,0.18%,Saudi Arabia,Entertainment & Music Education Arts & Crafts,5.8K
99,abo_qamae @abo_qamae,19K,1.64%,Saudi Arabia,Entertainment & Music,5.7K
100,Lexus KSA | لكزس السعودية @lexusksa,18.8K,0.15%,Saudi Arabia,Auto and Vehicles,5.6K
