#,NAME,FOLLOWERS,ER,COUNTRY,TOPIC OF INFLUENCE,POTENTIAL REACH
1,Josephine Skriver @josephineskriver,8.8M,0.25%,Denmark,Fashion and Accessories Modeling Lifestyle Celebrities,2.6M
2,Лучшие видео🚀😏 @yarik_devidson,3.4M,-,Denmark,Entertainment and Music Animation and Cosplay,1M
3,Mia Sand @missmiafit,3M,3.62%,Denmark,Fitness and Health Auto and Vehicles Coaching Training,901.2K
4,Nikolaj Coster Waldau @nikolajwilliamcw,3M,0.43%,Denmark,Actors,899.7K
5,🍰 ПРОСТЫЕ РЕЦЕПТЫ ОТ ДАНИИ 🍛 @daniya_alt,2.3M,0.94%,Denmark,Food Product Education Home and Garden Gym,691.3K
6,The Boss Babes @beautifybabez_,2.2M,0.22%,Denmark,Fitness and Health Music Entertainment Singer,654.4K
7,Alex Høgh Andersen @alexhoeghandersen,2.2M,3.8%,Denmark,Art Modeling Actors,648.5K
8,Mads Mikkelsen Official @theofficialmads,2.1M,8.82%,Denmark,Entertainment and Music Film Actors,623K
9,Nina Agdal @ninaagdal,1.9M,19.44%,Denmark,Fitness and Health Modeling,573.6K
10,Kris Grippo @kris8an,1.8M,6.24%,Denmark,Fashion and Accessories,541.5K
11,Pernille Teisbaek @pernilleteisbaek,1.5M,0.64%,Denmark,Fashion and Accessories Arts and Crafts Home and Garden Modeling,442.5K
12,Caroline Wozniacki @carowozniacki,1.4M,1.42%,Denmark,Sports,420.8K
13,ANINE BING @aninebing,1.2M,0.51%,Denmark,Fashion and Accessories Styling Lifestyle,371K
14,Josefine Haaning Jensen @josefinehj,1.2M,0.7%,Denmark,Fashion and Accessories Arts and Crafts Lifestyle Hair & Beauty,366.7K
15,Mads Peter Iversen Photography @madspeteriversen_photography,1.1M,0.43%,Denmark,Photography Arts and Crafts Landscaping Nature & Outdoors,319.4K
16,Rene Redzepi @reneredzepinoma,1M,1.18%,Denmark,Food Chef,306.2K
17,Zakia Abid @zikalooks,1M,1.41%,Denmark,Beauty and Self Care Fashion and Accessories Food and Drink,305K
18,Kasper Schmeichel @kasperschmeichel,1M,2.02%,Denmark,Sports,303.5K
19,Tülin Şahin @tulinsahinofficial,1M,0.35%,Denmark,Fashion and Accessories,301K
20,Viktor Axelsen @viktoraxelsen,862.2K,2.91%,Denmark,Outdoor Activity Sports Fitness and Health Tennis,258.6K
21,Simon Kjær @simonkjaer.official,828K,15.7%,Denmark,Sports,248.4K
22,Andrea Preti @andreapreti88,733.5K,17.46%,Denmark,Acting and Drama Celebrity Actors Lifestyle,220.1K
23,Jonas Vingegaard @jonasvingegaard,671.4K,17.77%,Denmark,Sports,201.4K
24,S O F I E L I N D E @sofielinde1,665.1K,2.03%,Denmark,Home and Garden Events Design Interior Design,199.5K
25,Lukas Graham @lukasgraham,655.7K,1.1%,Denmark,Singer Music Songwriting,196.7K
26,DET DANSKE KONGEHUS 🇩🇰 @detdanskekongehus,654.6K,2.52%,Denmark,Design Interior Design,196.4K
27,Stephanie Karma Salvarli🕊 @geggo,635.6K,3.77%,Denmark,Design Interior Design Fashion,190.7K
28,Jesper Søndergård Krogh @jespersoendergaard,587K,5.6%,Denmark,Fashion and Accessories Lifestyle Styling,176.1K
29,ANDREA RODRIGUEZ @andreasbook,554.7K,17.89%,Denmark,,166.4K
30,ISABELLA @isabella,516.4K,0.7%,Denmark,News Music Singer Celebrities,154.9K
31,Herrelandsholdet @herrelandsholdet,515K,2.04%,Denmark,Sports,154.5K
32,Sophia Roe @sophiaroe,508.5K,0.34%,Denmark,Fashion and Accessories Hair & Beauty Design Celebrities,152.5K
33,AMANDA MARIE @amandampn,490.8K,3.83%,Denmark,Fashion and Accessories,147.2K
34,Linse Kessler @linsekesslerofficiel,489.2K,0.66%,Denmark,Entertainment and Music family Design Interior Design,146.8K
35,Pierre-Emile Højbjerg @hojbjerg23,479.8K,7.75%,Denmark,,143.9K
36,Peter Corp @petercorp,471.4K,0.06%,Denmark,Entertainment and Music Celebrity Music Modeling,141.4K
37,⚔️The Vikings | ⚔️ ©️ @vikings.the,460.8K,1.91%,Denmark,Entertainment and Music Television,138.2K
38,Fie Laursen @fielaursens,444.3K,9.4%,Denmark,,133.3K
39,Lida @iliridakrasniqi,421.6K,1.28%,Denmark,Education Product Education Celebrities Hair & Beauty,126.5K
40,Fedja Salihbasic @felecool,399.2K,0.15%,Denmark,Travel Photography Architecture Nature & Outdoors,119.8K
41,P H I L I N E P I @philineroepstorff,393.6K,0.59%,Denmark,Fashion and Accessories Styling Modeling,118.1K
42,Mette Frederiksen @mette,386.2K,2.4%,Denmark,,115.9K
43,Mark Wosgerau @markwosgerau,382.6K,0.29%,Denmark,Art,114.8K
44,Amalie Moosgaard Nielsen @amaliemoosgaard,369.4K,1.85%,Denmark,Fashion and Accessories Arts and Crafts Modeling,110.8K
45,Maja Vase @majachocolat,368.5K,3.15%,Denmark,Food Recipes Chef Cooking,110.6K
46,EyeGalore™ 🇩🇰 @eyegalore,365.5K,1.16%,Denmark,Beauty and Self Care Lifestyle Modeling Celebrities,109.7K
47,Nicky Andersen @nickyandersen,364.8K,4.56%,Denmark,Arts and Crafts,109.4K
48,Christiane Schaumburg-Müller Aaxman @christianesm,362.8K,0.44%,Denmark,Fashion and Accessories Actors Design Interior Design,108.8K
49,Dennis @5000dennis_nature,361.4K,0.72%,Denmark,,108.4K
50,DANIELLA JONES @dandanjones,357.7K,1.31%,Denmark,Art Design Celebrities,107.3K
51,Imran Shaikh @imranintou,347.6K,4.57%,Denmark,Beauty and Self Care Education Styling Hair Salons,104.3K
52,Jeanette @_jeanettemadsen_,346.6K,0.28%,Denmark,Fashion and Accessories Arts and Crafts DIY and Life Hacks Styling,104K
53,Frederikke Wærens - Food & Cake inspiration @frederikkewaerens,346.2K,0.48%,Denmark,Food and Drink Food Recipes Ice Hockey,103.9K
54,Rap Galsen Officiel🇸🇳 @rap.galsen,340.4K,0.09%,Denmark,Entertainment and Music News Singer Music,102.1K
55,Anders Matthesen @andersandenmatthesen,338.1K,0.55%,Denmark,Entertainment and Music Design Interior Design,101.4K
56,Oliver Svejstrup Brynnum @oliverbrynnum,337K,4.79%,Denmark,,101.1K
57,Cecilie Moosgaard Nielsen @ceciliemoosgaard,332.9K,1.76%,Denmark,Fashion and Accessories Modeling,99.9K
58,Hella Ben R. @thehellabr,330.1K,1.68%,Denmark,Entertainment and Music Business,99K
59,Nordic Chefs 🇩🇰🇸🇪🇳🇴🇫🇮🇫🇴 @nordic_chefs,310.3K,0.37%,Denmark,Food Product Education Product Showcase Food and Drink,93.1K
60,Carina Melissa @mrscarlissa,309.6K,0.08%,Denmark,Home and Garden Parenting Design Interior Design,92.9K
61,JULIA SOFIA AASTRUP @juliasofiaaastrup,298.9K,0.98%,Denmark,Business and Finance Design Interior Design Celebrities,89.7K
62,Cecilie Haugaard @cillemouse,296.8K,4.11%,Denmark,Funny Pets News Modeling,89K
63,Rasmus Brohave @rasmusbrohave,293.7K,1.9%,Denmark,Video Blogger Design Interior Design Fashion,88.1K
64,𝐌𝐚𝐫𝐭𝐢𝐧 𝐕𝐞𝐭𝐡 @northern_woodsmen,293.1K,0.41%,Denmark,Nature Outdoor Activity,87.9K
65,CATHRINE LAUDRUP-DUFOUR @cathrinedufour,292.5K,5.11%,Denmark,Animals Sports Personal Finance Coaching,87.8K
66,Johan Sundstein @og_n0tail,292K,3.2%,Denmark,Sports,87.6K
67,Anna Astrup @annaastrup,289.9K,6.57%,Denmark,Fashion and Accessories Modeling Design,87K
68,Sally Javadi 🌙 سالی @sallyssneakers,280.9K,0.78%,Denmark,Fashion and Accessories,84.3K
69,Kamilla Tolnø @k.tolnoe,280.7K,2.02%,Denmark,Arts and Crafts,84.2K
70,Andre Tan @andre_tan_official,277.1K,1.77%,Denmark,Fashion and Accessories Plus Size Modeling,83.1K
71,Signe Bay @signebay,276.3K,0.47%,Denmark,Photography Food Design Architecture,82.9K
72,Brian @zookeeperguy,271K,4.07%,Denmark,Animals,81.3K
73,ArtPeople @artpeople_gallery,263.7K,0.08%,Denmark,,79.1K
74,JULIE HOCKE @juliehocke,259.8K,7.41%,Denmark,Fashion and Accessories,78K
75,Amalie Szigethy✔ @amalieszigethyprivat,250K,1.1%,Denmark,family,75K
76,Sofie Linde @lindes_hus,247.4K,5.2%,Denmark,family Home and Garden Pets,74.2K
77,Nikolaj Stokholm @nikolajstokholm,246K,3.29%,Denmark,Entertainment and Music News Design Interior Design,73.8K
78,anas akchen @anas__copenhagen,244.4K,14.37%,Denmark,Fashion and Accessories,73.3K
79,𝐒𝐈𝐃𝐒𝐄𝐋 𝐁𝐎𝐘𝐄 𝐑𝐀𝐒𝐌𝐔𝐒𝐒𝐄𝐍 @sidselrasmussen,239.5K,0.4%,Denmark,Fashion and Accessories Modeling,71.8K
80,MASCHA VANG @maschavang,238.5K,2.29%,Denmark,Fashion and Accessories Design Interior Design,71.5K
81,Ruben Søltoft @rubenmedu,232.7K,5.9%,Denmark,Entertainment and Music Design Interior Design,69.8K
82,Laila Hasanovic🦂 @lailahasanovic,231.6K,12.62%,Denmark,Entertainment and Music Modeling Lifestyle,69.5K
83,✧ 𝕿𝖆𝖙𝖙𝖔𝖔 𝖆𝖗𝖙𝖎𝖘𝖙 ✧ @kingaewelina_ink,229.2K,4.79%,Denmark,Arts and Crafts DIY and Life Hacks Fashion and Accessories Piercing,68.8K
84,Gina @gncgarden,228.6K,3.87%,Denmark,Home and Garden Design Interior Design Decoration,68.6K
85,• 𝔐 𝔲 𝔪 𝔦 𝔞 • @mumia916,225.3K,0.95%,Denmark,Fashion Parenting Piercing,67.6K
86,F.C. København @fc_kobenhavn,225.1K,1.67%,Denmark,Sports Soccer Design Interior Design,67.5K
87,Галина Глосс | Блогиня 😈 @galina_gloss,224.8K,0.4%,Denmark,Education,67.4K
88,Alexander Husum @alexanderhusum,224.3K,1.78%,Denmark,Entertainment and Music Education Medical Health Design,67.3K
89,Umut Sakarya @umutsakarya,224K,0.92%,Denmark,Food,67.2K
90,Lærke ☆ ears tour 🇸🇪N3 & 🇬🇧N5 @swiftstyle__,223.9K,3.11%,Denmark,Romance and Wedding Arts and Crafts,67.2K
91,Anna Briand 💛 @annabriandh,220.2K,1.91%,Denmark,Fashion and Accessories,66.1K
92,Lærke Bagger @laerkebagger,219.3K,2.62%,Denmark,Arts and Crafts Education Styling Design,65.8K
93,Ella Karberg Simonsen ⛵️🍁🏊 @ellakarberg,218.1K,3.16%,Denmark,Fashion and Accessories,65.4K
94,Aleksandra Lozinska @byggeligt.home,217.6K,4.84%,Denmark,Home and Garden,65.3K
95,Tessa @tessa_okay,216.3K,4.93%,Denmark,Entertainment and Music,64.9K
96,BASMA HAMZE بسمة حمزة @basmabhamze,216.3K,2.92%,Denmark,"Fashion Film, Music & Books",64.9K
97,Rasmus Winther @g2.caps_,214.9K,9.08%,Denmark,Entertainment and Music,64.5K
98,Jens The Beast @jensthebeast1,214.1K,0.13%,Denmark,Fitness and Health Outdoor Activity Coaching Training,64.2K
99,Håndboldherrerne @haandboldherrerne,213.5K,6.17%,Denmark,Sports News Design Interior Design,64K
100,Chris ‘Kubby’ Kubbernus @chriskubby,212K,0.05%,Denmark,Finance Business and Finance Marketing and Advertising Entrepreneur,63.6K
