#,NAME,FOLLOWERS,ER,COUNTRY,TOPIC OF INFLUENCE,POTENTIAL REACH
1,AB de Villiers @abdevilliers17,24.3M,0.74%,South Africa,Sports Cricket,7.3M
2,Dean Schneider @dean.schneider,11M,1.45%,South Africa,Animals Music,3.3M
3,Trevor Noah @trevornoah,8.9M,1.35%,South Africa,Entertainment and Music Celebrity Modeling Entertainment,2.7M
4,Boity Thulo @boity,6.3M,0.15%,South Africa,Entertainment and Music Fashion and Accessories Beauty and Self Care Business and Finance,1.9M
5,Refiloe Phoolo 🇿🇦 @casspernyovest,6.2M,1.33%,South Africa,Entertainment and Music Sports Celebrity Music,1.9M
6,Alph Lukau @alphlukau,6.2M,0.06%,South Africa,Education,1.9M
7,Natasha Thahane @natasha_thahane,6.1M,1.98%,South Africa,Acting and Drama Entertainment and Music Celebrity Actors,1.8M
8,Khanyi Mbau Metanoia @mbaureloaded,5.7M,0.66%,South Africa,Entertainment and Music Finance Product Showcase Celebrity,1.7M
9,NOEL DEYZEL 🇿🇦 @noeldeyzel_bodybuilder,5.3M,10.6%,South Africa,Fitness and Health,1.6M
10,Minnie Dlamini @minniedlamini,5.2M,0.18%,South Africa,Entertainment and Music Sports Celebrity Entertainment,1.6M
11,ZINHLE JIYANE @djzinhle,5.2M,0.61%,South Africa,Entertainment and Music Business and Finance Modeling Music,1.6M
12,Bonang Matheba @bonang_m,5.2M,1.97%,South Africa,Entertainment and Music Celebrities,1.6M
13,Somizi @somizi,5M,0.17%,South Africa,Entertainment and Music Music Modeling Celebrities,1.5M
14,Amanda du-Pont @amandadupont,5M,0.3%,South Africa,Beauty and Self Care Business and Finance Celebrity Coaching,1.5M
15,Connie Ferguson @connie_ferguson,4.8M,0.58%,South Africa,Entertainment and Music family Business and Finance Actors,1.4M
16,Nomzamo Mbatha (Nxumalo)🇿🇦 @nomzamo_m,4.8M,0.22%,South Africa,Acting and Drama Education Celebrity Actors,1.4M
17,I LOVE IT HERE @nasty_csa,4.7M,0.2%,South Africa,Entertainment and Music Singer Music Entertainment,1.4M
18,Ms Ntando Duma Mthombeni🇿🇦 @dumantando,4.7M,0.88%,South Africa,Acting and Drama Celebrity Entertainment Music,1.4M
19,Tabitha Brown @iamtabithabrown,4.5M,1.34%,South Africa,Food Celebrity Business and Finance Actors,1.3M
20,F A F D U P L E S S I S @fafdup,4.5M,7.01%,South Africa,Sports Cricket,1.3M
21,MRS CHUI🐆 @fahyvanny,4.1M,0.54%,South Africa,Fashion and Accessories Business and Finance Entertainment Modeling,1.2M
22,Thando Thabooty Thabethe @thando_thabethe,4M,0.55%,South Africa,Fashion and Accessories Celebrity Modeling Music,1.2M
23,Thulisile Phongolo @thuliphongolo,3.8M,2.16%,South Africa,Entertainment and Music Entertainment Actors Singer,1.1M
24,Black Coffee @realblackcoffee,3.8M,1.65%,South Africa,Entertainment and Music Band,1.1M
25,P E A R L 🔸 M O D I A D I E @pearlmodiadie,3.7M,0.6%,South Africa,Entertainment and Music family Celebrity Parenting,1.1M
26,Jessica Nkosi @jessicankosi,3.6M,0.23%,South Africa,Acting and Drama Celebrity Moms Entertainment,1.1M
27,BRAGGA @nadianakai,3.6M,1.38%,South Africa,Entertainment and Music Music Singer Modeling,1.1M
28,Latiffah 🇿🇦🇹🇿 @princess_tiffah,3.5M,0.78%,South Africa,,1.1M
29,Lesley-Ann Brandt @lesleyannbrandt,3.4M,0.4%,South Africa,Moms Modeling,1M
30,Thembi Seete 🇿🇦 @thembiseete_,3.2M,0.45%,South Africa,Celebrity Music Modeling,968.1K
31,@cosmopolitansa,3M,0.01%,South Africa,Fashion and Accessories Entertainment and Music News News & Politics,905.2K
32,Lerato Kganyago Ndlala @leratokganyago,3M,1.03%,South Africa,Entertainment and Music Celebrities Health & Fitness Hair & Beauty,902.5K
33,THEE FAITH NKETSI @faith.nketsi,3M,2.46%,South Africa,Entertainment and Music Fashion and Accessories Music Modeling,894.3K
34,Zozibini Tunzi @zozitunzi,2.8M,1.01%,South Africa,,849.8K
35,The Voice Of Africa @kellykhumaloza,2.7M,0.32%,South Africa,Entertainment and Music Singer Music Entertainment,813.3K
36,KIKI 🧚🏾‍♀️ @kamo_mphelaxx,2.5M,1.52%,South Africa,Entertainment and Music Travel Music,758.5K
37,Dawn Thandeka King @dawnthandeka_king,2.5M,0.04%,South Africa,Entertainment and Music Education Business and Finance Modeling,754.1K
38,Enhle Mbali Mlotshwa @enhlembali_,2.5M,1.28%,South Africa,Acting and Drama Celebrity Modeling Actors,750.4K
39,FitnessBunnie @sbahle_mpisane,2.5M,1%,South Africa,Fitness and Health Automotive Business and Finance Training,748.4K
40,Thuso Mbedu @thuso.mbedu,2.5M,2.5%,South Africa,Life and Society Celebrity Modeling,748.1K
41,Simphiwe Ngema @simzngema,2.5M,0.94%,South Africa,Acting and Drama Celebrity Music Humor,740.7K
42,PRESIDENT YA STRAATA 👨🏾‍💼 @focalistic,2.3M,1.42%,South Africa,Entertainment and Music Fashion and Accessories,682.6K
43,NAAK 🇿🇦 @iamnaakmusiq,2.3M,0.19%,South Africa,Entertainment and Music Finance Product Showcase Business and Finance,681.7K
44,Cindy Mahlangu @cindy_thando,2.3M,3.66%,South Africa,Acting and Drama Celebrity Modeling,677.5K
45,Mihlali Ndamase @mihlalii_n,2.3M,3.01%,South Africa,Beauty and Self Care Product Education Business and Finance Business,676.7K
46,Khanya Mkangisa @ilovekhanya,2.2M,1.22%,South Africa,Acting and Drama Pets Celebrity Music,660K
47,"Rikhado ""Riky Rick"" Makhado @rikyrickworld",2M,3.56%,South Africa,Art Modeling,609K
48,Lamiez Holworthy-Morule @lamiez_holworthy,2M,1.64%,South Africa,Entertainment and Music Fitness and Health Modeling Actors,600.4K
49,Andiswa Selepe @thebomb.rsa,1.9M,3.32%,South Africa,Fashion and Accessories Entertainment and Music Entertainment Music,576.7K
50,Big Hustle @emteethehustla,1.9M,1.08%,South Africa,Entertainment and Music Music,573.2K
51,Londiwe Zulu @londie_london_official,1.9M,2.14%,South Africa,Entertainment and Music Business and Finance,560.4K
52,AMAWELE 📿 @majorleaguedjz,1.9M,0.6%,South Africa,Pets Music Entertainment,557.2K
53,Dineo Langa @dineomoeketsi,1.9M,0.95%,South Africa,Acting and Drama Fashion and Accessories Entertainment and Music Life and Society,556.3K
54,Nkosazanah _Daughter @nkosazana_daughter,1.8M,2.91%,South Africa,Art,542.2K
55,Nomuzi Mabena @moozlie,1.8M,0.32%,South Africa,Parenting Music Singer Songwriting,539.1K
56,Joselu Mato @joselumato,1.7M,11.71%,South Africa,Soccer,524.5K
57,Ayanda Ncwane 🇿🇦 @ayandancwane,1.7M,1.2%,South Africa,Entertainment and Music Finance Education Business and Finance,523.4K
58,Zola @znombona,1.7M,1.16%,South Africa,Entertainment and Music Celebrity Entertainment Modeling,522.2K
59,Siphesihle Ndaba 🇿🇦 @ceecee_ndaba,1.7M,2.95%,South Africa,Art,505.3K
60,Busiswa Gqulu @busiswaah,1.7M,0.17%,South Africa,Entertainment and Music Modeling,500.4K
61,Arnold Vosloo 🇿🇦 @arnold_vosloo_official,1.7M,3.5%,South Africa,Fitness and Health Actors Training Gym,496.2K
62,Clement Maosa @clementmaosa,1.6M,1.36%,South Africa,Arts and Crafts Entertainment and Music Acting and Drama Singer,493.9K
63,Nelisiwe Sibiya @nelisiwe_faith_sibiya,1.6M,0.62%,South Africa,Acting and Drama Entertainment and Music Singer Music,485.5K
64,De-Ben Gogo @dbngogo,1.6M,1.17%,South Africa,Entertainment and Music,474.4K
65,KwestaDaKAR @kwestadakar,1.5M,0.44%,South Africa,Entertainment and Music Music Singer Entertainment,461.1K
66,VT @vusithembekwayo,1.5M,1.09%,South Africa,Business and Finance Personal Finance Music Modeling,458K
67,Kefilwe Mabote @kefilwe_mabote,1.5M,1.53%,South Africa,Finance Fashion and Accessories Styling Modeling,453.4K
68,Norma.Mngoma 🇿🇦 @norma.mngoma,1.5M,0.33%,South Africa,Fashion and Accessories Modeling Moms,450.5K
69,FERGUSON FILMS @ferguson_films,1.5M,1.63%,South Africa,Actors Singer,449.9K
70,Buhle Samuels @buhlesamuels,1.5M,1.76%,South Africa,Fashion and Accessories Modeling,442.3K
71,Tumelo Candice Modiselle @candicemodiselle,1.4M,1.01%,South Africa,Entertainment and Music Celebrity Entertainment Actors,425.3K
72,Mrs Asavela Mqokiyana 🇿🇦 @asavela__m,1.4M,4.92%,South Africa,Acting and Drama Celebrity Entertainment Music,424.9K
73,Kairo Forbes World 🇿🇦 @kairo.forbes,1.4M,3.32%,South Africa,Fashion and Accessories family Parenting Design,424.5K
74,Lady Zamar @lady_zamar,1.4M,0.08%,South Africa,Art Music Producers Singer,415.8K
75,Samú @samkelondlovu,1.4M,0.54%,South Africa,Acting and Drama Entertainment and Music Film Actors,409K
76,It’s Sho time 🪩 @shomadjozi,1.3M,1.16%,South Africa,Entertainment and Music Music Singer,404.9K
77,Gugu Gumede @itsgugugumede,1.3M,2.16%,South Africa,family Celebrity,404.6K
78,Big Zulu @bigzulu_sa,1.3M,0.55%,South Africa,Entertainment and Music,404.5K
79,MASHAYA @youngstunna_rsa,1.3M,2.44%,South Africa,Entertainment and Music Acting and Drama Music,392.6K
80,Jade 🇿🇦🌊 @jadegrobler,1.3M,0.86%,South Africa,Nature Outdoor Activity Modeling Lifestyle,391.9K
81,DJ Sbu @djsbulive,1.3M,0.21%,South Africa,Entertainment and Music Business and Finance Speaker Moms,387.8K
82,Dineo Ranaka @dineoranaka,1.3M,0.64%,South Africa,Fashion Music Modeling,382.2K
83,Mohale Motaung @mohale_77,1.3M,0.35%,South Africa,Food Business and Finance Celebrity Modeling,377.5K
84,Jub Jub @official_jubjub,1.3M,0.64%,South Africa,Entertainment and Music Business and Finance Celebrity Music,375.1K
85,Amar Million 🤍 @lady_amar1,1.2M,0.43%,South Africa,Entertainment and Music Business and Finance,371.5K
86,Maps Maponyane @mmaponyane,1.2M,0.28%,South Africa,Entertainment and Music Food Business and Finance Celebrity,371.4K
87,Oros Mampofu | Actor @oros_mampofu,1.2M,1.21%,South Africa,Acting and Drama Celebrity Music Entertainment,362.4K
88,Ntokozo Dlamini @tk_dlaminii,1.2M,2.06%,South Africa,Fitness Actors Modeling Art,360.8K
89,Rami Chuene @ramichuene,1.2M,0.33%,South Africa,Acting and Drama Celebrity Music Entertainment,360K
90,Reece Madlisa @reecemadlisa09,1.2M,1.75%,South Africa,Entertainment and Music,356.5K
91,Thembisa Liyema Nxumalo @thembisamdoda,1.2M,0.37%,South Africa,Acting and Drama Celebrity Moms Modeling,353K
92,Omuhle Makaziwe Gela 🇿🇦 @omuhlegela,1.2M,1.13%,South Africa,Fashion and Accessories family Fitness and Health Business and Finance,350.1K
93,Basetsana Kumalo @basetsanakumalo,1.2M,0.35%,South Africa,Art Modeling Actors,347K
94,Moshe Ndiki @moshendiki,1.1M,0.85%,South Africa,Arts and Crafts Modeling Actors,344.9K
95,Nhlanhla Nciza @nhlanhla_nciza,1.1M,1.5%,South Africa,Entertainment and Music Music Entertainment Singer,344K
96,Boohle🇿🇦 @boohle_sa,1.1M,1.88%,South Africa,Entertainment and Music Music,343.9K
97,Zenande Mfenyana 🇿🇦 @zenandemfenyana,1.1M,1.9%,South Africa,Acting and Drama Celebrity Music Entertainment,341.9K
98,Khaya Dladla @khaya_dladla,1.1M,0.23%,South Africa,Acting and Drama Entertainment and Music Celebrity Singer,341.3K
99,✩ 𝙂 𝙍 𝙀 𝙀 𝙉 ✩ @green_ausadaporn,1.1M,0.38%,South Africa,Beauty and Self Care News,339.2K
100,Seemah Mangolwane @s.eemah_x,1.1M,8.47%,South Africa,Fashion and Accessories,335.3K
