#,NAME,FOLLOWERS,ER,COUNTRY,TOPIC OF INFLUENCE,POTENTIAL REACH
1,Noel Deyzel🇿🇦 @noeldeyzel_bodybuilder,5.8M,-,South Africa,Fitness and Health,1.7M
2,Sphokuhle.n @sphokuhle.n,3.8M,-,South Africa,,1.1M
3,Daniel Braun @danieltbraun,3.4M,-,South Africa,,1M
4,Dr. Siyamak Saleh @doctor.siya,2.5M,-,South Africa,Education Entertainment and Music,750K
5,Ndlovu Youth Choir @ndlovuyouthchoir,1.9M,12.6%,South Africa,Entertainment and Music Education,570K
6,Nathan @nathanmolefe,1.5M,-,South Africa,Entertainment and Music,450K
7,Nombuso Masondo @nombuso_98,1.5M,-,South Africa,Beauty and Self Care Entertainment and Music,450K
8,Chad Jones @chadjones957,1.4M,-,South Africa,Entertainment and Music Funny,420K
9,Mandisi Tshingana @mxndisi,1.4M,1.3%,South Africa,Entertainment and Music Funny,420K
10,Semone Skosan @semoneskosan,1.2M,-,South Africa,,360K
11,BI Phakathi @biphakathi1,1.1M,0.4%,South Africa,Education Life and Society,330K
12,R.M Phoolo @casspernyovest,1M,-,South Africa,Entertainment and Music,300K
13,Royal Family @harryandmeghan_,963.2K,-,South Africa,,289K
14,AFRIKA IS ALKEBULAN @swiry_nyar_kano,913K,0.6%,South Africa,,273.9K
15,Tallie Dar @talliedar,891.7K,0.7%,South Africa,Fashion and Accessories,267.5K
16,muser @supercrazyanimals,883.6K,0.2%,South Africa,,265.1K
17,Danyal @danyalllx,878.7K,-,South Africa,Beauty and Self Care,263.6K
18,lxndi @_lxndi,875.2K,-,South Africa,Entertainment and Music,262.6K
19,Bontle Modiselle @bontle_ba_afrika,831.7K,0.1%,South Africa,,249.5K
20,brianna @briannakaylynn,831.1K,-,South Africa,Sports Fitness,249.3K
21,Makhadzi Music @makhadzimusic,818.3K,0.1%,South Africa,,245.5K
22,Pastor Peniel🇿🇦 @mispenny,801.5K,0.2%,South Africa,,240.5K
23,Mehlo @mehlomakhulu,783.4K,0.1%,South Africa,,235K
24,Quincy Jones @quinxxysworld,782.3K,-,South Africa,Fashion and Accessories,234.7K
25,Matthew J Power @matthew_j_power,764K,-,South Africa,Entertainment and Music Sports,229.2K
26,DJ 🎧Wami @owami_mafokate,746.9K,-,South Africa,,224.1K
27,BenlyGaming @benlygaming1,740.3K,-,South Africa,,222.1K
28,wildnoutedits @wildnoutedits_,732K,-,South Africa,,219.6K
29,S.eemah_ @s.eemah_,682.2K,-,South Africa,,204.7K
30,Mudau Rotondwa @the_real_divar,674.5K,0.4%,South Africa,Fashion and Accessories,202.4K
31,Costa Titch @costatitch,666.8K,0.2%,South Africa,Entertainment and Music,200K
32,gilberthoyf @gilberthoy,664.7K,-,South Africa,,199.4K
33,Sneziey Msomi @snezieymsomi,656.4K,3.1%,South Africa,Entertainment and Music Music,196.9K
34,Prince Dube @pd_jokes,651.1K,-,South Africa,Entertainment and Music,195.3K
35,Mthobisi Skhosana @mthobisiskhosana,645.3K,-,South Africa,,193.6K
36,Noko Mashaba 💀 @nokomashabax,642.2K,0.8%,South Africa,,192.7K
37,Makgantlela @makgantlela,638.4K,-,South Africa,Entertainment and Music,191.5K
38,Mabore Masipa @pretty.pree4,637.6K,-,South Africa,,191.3K
39,Wian West @wianwest,636.7K,-,South Africa,,191K
40,Kwetla Tersia Lesekane @sphalaphalasagamarothi,629.5K,-,South Africa,,188.9K
41,Razaan Meyer @majestic_mey,628.3K,-,South Africa,Home and Garden,188.5K
42,Moonchild Sanelly @moonchildsa,621.3K,-,South Africa,,186.4K
43,Siphesihle ndlovu. @sphe._ndlovu,617K,0.2%,South Africa,Fitness and Health Entertainment and Music,185.1K
44,Shauwn Mkhize @kwa_mammkhize,606.2K,-,South Africa,,181.9K
45,nomcebo Zikode @nomcebozikode,577.6K,0.1%,South Africa,,173.3K
46,DJ Phaphane @djphaphane,564.9K,-,South Africa,Entertainment and Music,169.5K
47,Food jhb @christian_campolo35,563.9K,-,South Africa,Food,169.2K
48,Syd @sydneyseethal,554.7K,-,South Africa,,166.4K
49,Ziaan Meyer @ziaan.meyer,539.4K,-,South Africa,Entertainment and Music,161.8K
50,SamupertyOfficial @samupertyzuluofficial,537.9K,-,South Africa,Entertainment and Music,161.4K
51,Phindile Gwala @phindilegwala_,521.5K,0.1%,South Africa,Acting and Drama,156.5K
52,Stefan de Klerk @stefandeklerk3,509.5K,-,South Africa,,152.9K
53,DOPESTCHIQQ @therealdopest,507.9K,-,South Africa,Entertainment and Music,152.4K
54,Anime_Domain @anime_domain,503.7K,-,South Africa,,151.1K
55,Eugene Zeelie🇿🇦 @eugene.zeelie,493.2K,-,South Africa,,148K
56,Sha_ki_ra @sha_ki_ra,490.5K,-,South Africa,Pets,147.2K
57,Perseverance Maremeni @madam___speaker,487.3K,-,South Africa,Fashion and Accessories,146.2K
58,DE ORIGINAL CARELESS @de_original_careless,484.5K,0.3%,South Africa,,145.4K
59,Pearl Thusi @pearl_thusi,479.9K,-,South Africa,,144K
60,SHIV @shiv_sewlal,470K,-,South Africa,Fitness and Health,141K
61,Luyanda Ngalonkulu🎭 @sis.stay.hot,464.8K,-,South Africa,Entertainment and Music,139.4K
62,Siphesihle Ndaba @ceecee_ndaba,463.7K,0.3%,South Africa,Acting and Drama Celebrity,139.1K
63,Lelwar Aiyana Smith @lelwarsmith,463.3K,-,South Africa,,139K
64,Justin de Nobrega @justindenobregaa,462K,-,South Africa,,138.6K
65,Nangamso Puwani @thereal_soso,458K,-,South Africa,,137.4K
66,Bagobe_Sgobe @bagobe_sgobe,448.2K,-,South Africa,Entertainment and Music Funny,134.5K
67,Nomvelo Makhanya @_mvelomakhanya,446.9K,0.1%,South Africa,,134.1K
68,Thozi @thozimusic,443.8K,-,South Africa,Entertainment and Music,133.1K
69,Thinus Beneke @thinus_beneke,442.4K,0.8%,South Africa,,132.7K
70,Ridge Mphaphuli @dr_ridge,439.2K,0.2%,South Africa,Education,131.8K
71,DingaanK @dingaank,436.9K,-,South Africa,Celebrity,131.1K
72,Khanyi Sigz @khanyisigz,436.6K,-,South Africa,Romance and Wedding,131K
73,Warren Kitching @warren.kitching,434K,-,South Africa,,130.2K
74,Mr Sizwe Sir! @mrsizwe_sir,432.5K,-,South Africa,Entertainment and Music Funny Celebrity,129.8K
75,57Bottles @57bottles,431.8K,-,South Africa,Food,129.5K
76,GWILDLIFE @gwildlife,426.1K,-,South Africa,Nature Animals,127.8K
77,Bobo Mbhele @bobombele,422.7K,0.1%,South Africa,,126.8K
78,beggankjxxgef @beggankk,421.3K,0.5%,South Africa,,126.4K
79,Tristan Sonnekus @tristansonnekus,417.8K,0.1%,South Africa,,125.3K
80,cat 🍃 @caitlinnjayde,417.6K,-,South Africa,Fashion and Accessories,125.3K
81,☹︎ goal 500k @ohsadtext,412.4K,-,South Africa,Entertainment and Music,123.7K
82,A Rare Anemone👑 @mukondelelianemone,404K,-,South Africa,,121.2K
83,C H R I S 🇿🇦 @chris.macdonald,402.2K,-,South Africa,,120.7K
84,WoNi @ngoduyenn,399.8K,-,South Africa,,119.9K
85,mehlemamba ngidi @mehlemamba.ngidi,399K,0.1%,South Africa,,119.7K
86,aluncedo_nana @aluncedo_nana,398.5K,-,South Africa,Entertainment and Music,119.6K
87,DeESy @des_y01,396.7K,-,South Africa,,119K
88,lesego_lethoko @lesego_lethoko,395K,0.5%,South Africa,,118.5K
89,Ankelpatriz ✨ @ankelpatriz420,391.3K,-,South Africa,,117.4K
90,Kajal Maharaj @kajalmaharajshria,389.3K,-,South Africa,,116.8K
91,Masego Charlotte 🇿🇦 @charlotte_set,384.7K,-,South Africa,,115.4K
92,Marco Samuely Lund Hansen @marco_slh,383.8K,-,South Africa,Entertainment and Music,115.1K
93,Khaya Dladla @khayadladla,383.7K,0.2%,South Africa,Acting and Drama Celebrity,115.1K
94,Lonerr @busi.ie,381K,-,South Africa,,114.3K
95,Musan Raza @musanraza16,380.3K,-,South Africa,,114.1K
96,Ofentse Mwase @ofentsemwase,379.2K,0.2%,South Africa,,113.8K
97,Qhawekazi _mcetywa @qhawekazi_mcetywa,376.4K,-,South Africa,,112.9K
98,Britney De Villiers @britneydevilliers,376.2K,-,South Africa,Fashion and Accessories Travel,112.9K
99,Riaan Barnard @iamriaanbarnard,357.1K,0.2%,South Africa,,107.1K
100,Tricia Thee Angel @triciampisi,354.3K,0.3%,South Africa,Celebrity Parenting,106.3K
