#,NAME,FOLLOWERS,ER,COUNTRY,TOPIC OF INFLUENCE,POTENTIAL REACH
1,ГУСЕЙН ГАСАНОВ @gusein.gasanov,189.6K,3.63%,Russia,,56.9K
2,Саша Митрошина. Она же Матерь Бложья @alexandramitroshina,125.1K,1.03%,Russia,Fashion & Accessories,37.5K
3,Двощанский @dvoshansky,116.5K,0.05%,Russia,Arts & Crafts Photography,35K
4,🔞💄Алексей💋🔞 @zhidkovskiy,91K,0.98%,Russia,,27.3K
5,Ирина Хакамада @irina_hakamada,88.5K,0.75%,Russia,Education Politics,26.6K
6,IRINA BAEVA @irinabaeva,86.3K,0.46%,Russia,Beauty & Self Care,25.9K
7,КАТЯ ВАРНАВА @kativarnava,83.4K,0.86%,Russia,Fitness & Health,25K
8,Елена Сажина @helen_yes1,81.6K,1.02%,Russia,family Romance & Wedding,24.5K
9,VICTORIA BONYA @victoriabonya,78.5K,0.31%,Russia,Beauty & Self Care Fashion & Accessories,23.6K
10,Ирина Дружинина @mrs.druzhinina,72.1K,0.39%,Russia,family Education,21.6K
11,ЛЭТУАЛЬ @letoile_official,68.6K,0.11%,Russia,Beauty & Self Care Product Education,20.6K
12,ANASTASIIA SOZONIK @nastyasozonik,65.1K,0.22%,Russia,Arts & Crafts Entertainment & Music,19.5K
13,Jah Khalib @jahkhalib,63.9K,5.18%,Russia,Entertainment & Music,19.2K
14,Русская редакция Forbes @forbes.russia,62.2K,0.59%,Russia,Finance,18.7K
15,Valentin Petukhov @wylsacom,62K,2.04%,Russia,Education Product Education,18.6K
16,Стас Круглицкий @stasprostoklass,61.8K,0.31%,Russia,Beauty & Self Care,18.5K
17,Katrin Klimova @katrinka_family,61.8K,0.61%,Russia,Home & Garden DIY & Life Hacks,18.5K
18,Алина Акилова @alina_akilova,60K,1.37%,Russia,,18K
19,✪ ЛОФТ ИНТЕРЬЕРЫ LOFT INTERIOR @loft_interior,59.1K,0.39%,Russia,Home & Garden Arts & Crafts,17.7K
20,Анастасия Тарасова | Инвестиции | Экономика @nastya_docs,58.2K,0.14%,Russia,Finance,17.5K
21,Доктор Наталья Зубарева @doctor_zubareva,58K,0.25%,Russia,Health & Fitness Product Education,17.4K
22,Ольга Гогаладзе | МАТЬ ДЕНЕГ 🤟🏻💰 @pro.finansy,54.6K,0.5%,Russia,Finance Education,16.4K
23,Ляйсан Утяшева @liasanutiasheva,53.6K,0.96%,Russia,Entertainment & Music,16.1K
24,ANNA SEDOKOVA @annasedokova,53.5K,0.13%,Russia,Entertainment & Music,16K
25,12 STOREEZ @12storeez,50.6K,0.15%,Russia,Fashion & Accessories,15.2K
26,Наташа Рудова @rudovanata,50.2K,0.35%,Russia,Acting & Drama,15.1K
27,SUPER @super.ru,50.2K,0.4%,Russia,Entertainment & Music,15K
28,slavamarlow @slavamarlow,46.8K,0.86%,Russia,Entertainment & Music,14K
29,"Молли, девочка с каре @ya.molli",45.8K,0.17%,Russia,Education,13.7K
30,"Бабич, БабиТч или Бубич?😂 @ba.bitch_",43.6K,1.04%,Russia,,13.1K
31,Sergey Romanovich @s_romanovich,43.5K,0.6%,Russia,Business & Finance,13K
32,Elena Temnikova ・ Темникова @lenatemnikovaofficial,43.4K,-,Russia,Entertainment & Music,13K
33,ПЕТР ОСИПОВ @petrosipov1,42.2K,0.82%,Russia,Auto and Vehicles Life & Society,12.7K
34,Rafkat Shakirov @rafkat,42K,0.53%,Russia,Photography,12.6K
35,🇬🇧🇺🇸ENGLISH & ACCENT & ACTING @sasha_mayorik,41.4K,0.13%,Russia,Education Upskilling Animation & Cosplay,12.4K
36,Эрик Давидович @eric_davidich,41.3K,0.37%,Russia,Entertainment & Music Funny,12.4K
37,Ирена Понарошку @irenaponaroshku,38.1K,-,Russia,Beauty & Self Care,11.4K
38,Sofiia Broian / Sofiya Broyan @sofiyabroyan,37.2K,1.55%,Russia,Fitness & Health,11.2K
39,Nataly Osmann @natalyosmann,35.1K,0.34%,Russia,Travel Arts & Crafts,10.5K
40,Macarena Velez @macarenav25,33.9K,0.23%,Russia,Fashion & Accessories,10.2K
41,Sergey Lazarev @lazarevsergey,33.4K,1.7%,Russia,,10K
42,farakicks @farakicks,33.2K,0.09%,Russia,Sports Fitness & Health,10K
43,Viktoriia Khvorostina @viksi666,32.8K,0.21%,Russia,Fashion & Accessories,9.8K
44,Vilen @vilenofficial,32.2K,1.64%,Russia,Entertainment & Music,9.7K
45,Ян @ynchq,32K,2.92%,Russia,,9.6K
46,Ekaterina Zueva @zuueva,31.9K,0.17%,Russia,Beauty & Self Care Fitness & Health Product Showcase,9.6K
47,Monami Frost @monamifrost,31.9K,0.24%,Russia,Beauty & Self Care family,9.6K
48,◽️ERSHOV🤘🏻🎸 @ershovich,31.2K,0.24%,Russia,Fitness & Health,9.4K
49,Лолита Милявская @lolitamilyavskaya,31K,-,Russia,Animation & Cosplay,9.3K
50,АЛЕКСАНДР ТОЛМАЧЁВ @detlektor,30.8K,0.89%,Russia,Education,9.2K
51,مليون روسيس | Million Roses @mlr_yt,30.5K,0.87%,Russia,Entertainment & Music,9.1K
52,Авиасейлс — сервис для покупки дешевых авиабилетов ✈️ @aviasales,30.2K,3.33%,Russia,Travel,9.1K
53,Андрей Курпатов @kurpatov_official,30K,0.99%,Russia,Education,9K
54,Мари Краймбрери @marikraimbrery,29.7K,1.4%,Russia,Entertainment & Music,8.9K
55,KIRYA KOLESNIKOV @thekiryalife,29.7K,0.07%,Russia,Entertainment & Music,8.9K
56,FC Zenit @zenit_spb,29.2K,0.24%,Russia,Sports,8.8K
57,E K A T E R I N A @mezenova,28.6K,0.47%,Russia,family Beauty & Self Care,8.6K
58,The Noisetier @thenoisetier,28.2K,0.96%,Russia,Fashion & Accessories,8.4K
59,Александра Калмыкова @alexa_kalmykova,27.8K,0.27%,Russia,Arts & Crafts,8.3K
60,𝔸ℕℕ𝔸 𝔼𝔾𝕆𝕐𝔸ℕ • Чтец • Поэт @egoyan_anna,27.6K,0.91%,Russia,Arts & Crafts Fashion & Accessories,8.3K
61,Марии Буше @mariiboucher,26.1K,0.12%,Russia,Education Arts & Crafts,7.8K
62,Dima Bilan @bilanofficial,26K,2.2%,Russia,Entertainment & Music,7.8K
63,Оля - твой любимый блогер❤️ @mommy_to_eva,26K,0.88%,Russia,family Fashion & Accessories,7.8K
64,Натали @sychevskaya,25.8K,4.08%,Russia,,7.7K
65,KᗩTYᗩ ᒍᑌᒍᗩ Катя Жужа @katyajuja555,25.7K,0.22%,Russia,Entertainment & Music,7.7K
66,Sanya Becker @sanyabecker,24.2K,0.66%,Russia,Entertainment & Music,7.3K
67,Леван Горозия @l_one_mars,23.9K,0.67%,Russia,Entertainment & Music,7.2K
68,Игорь Рыбаков @rybakov_igor,23.5K,0.34%,Russia,Education,7.1K
69,Dima Portnyagin @portnyagin,23.5K,-,Russia,Finance Travel,7.1K
70,K @kkkkkkkkkkkkkkkkkkkkkkk___kkkk,22.5K,-,Russia,,6.8K
71,Юля Годунова @juliagodunova,22.4K,2.67%,Russia,Entertainment & Music,6.7K
72,Денис Сальманов @salmanov_denis,22.2K,1%,Russia,,6.7K
73,@anivar77,22K,1.26%,Russia,Entertainment & Music,6.6K
74,Renata @renatalitvinovaofficiall,21.9K,-,Russia,,6.6K
75,KB @kseniiaburda,21.2K,0.35%,Russia,Fashion & Accessories Arts & Crafts,6.3K
76,SVETLANA FATEEVA/ПРОДЮСЕР/PR @ssfat,20.8K,-,Russia,Product Showcase Finance,6.3K
77,ANASTASIYA GOLOVINOVA @anastasiya_golovinova,20.6K,0.16%,Russia,Fashion & Accessories Product Showcase,6.2K
78,Лучшие видео 😉 @videorashka,20.4K,-,Russia,Funny,6.1K
79,Матч ТВ @matchtv_channel,20.3K,0.12%,Russia,Entertainment & Music,6.1K
80,"Эзотерик, астролог, таролог Елена Мун @moon_ezoterica",20.1K,0.1%,Russia,Oddly Satisfying,6K
81,Карина Аракелян @arrakelyaan,19.8K,0.76%,Russia,Arts & Crafts,5.9K
82,Лариса Суркова @larangsovet,19.7K,0.42%,Russia,Education,5.9K
83,#мотоТаня❤️🖤#motoTanya @tanechkaozolina,19.5K,0.43%,Russia,,5.9K
84,Victoria Portfolio @victoriaportfolio,19.3K,0.38%,Russia,Lifestyle,5.8K
85,Владимир Животов @vladimirzhivotov,19.2K,-,Russia,Health Wellness,5.7K
86,Интерьеры и Дизайны @berg.interior,19K,0.2%,Russia,Home & Garden,5.7K
87,Золотова Кристина - многодетная домохозяйка🧘‍♀️ @mama.na.kyhne,18.1K,0.04%,Russia,Food Education Parenting,5.4K
88,KRISTINA ORBAKAITE @orbakaite_k,18.1K,1.2%,Russia,Entertainment & Music,5.4K
89,EVA PILOIAN @evik006,18.1K,0.83%,Russia,Romance & Wedding Fashion & Accessories,5.4K
90,"Катя Конасова| Говорю то, о чём другие молчат @katyakonasova",18K,0.88%,Russia,Fashion & Accessories Beauty & Self Care,5.4K
91,Куруч Илья @kuruchbro,17.9K,0.1%,Russia,Oddly Satisfying,5.4K
92,ДІЄТОЛОГ-НУТРИЦІОЛОГ | МАРАФОН СХУДНЕННЯ | ПРАВИЛЬНЕ ХАРЧУВАННЯ @ulichka_naumenko,17.8K,0.4%,Russia,Fitness & Health,5.3K
93,TIM @timursorokin,16.9K,0.97%,Russia,Entertainment & Music,5.1K
94,Лера Туманова/певица/ сонграйтер/продюсер @leratumanova,16.8K,0.06%,Russia,Fashion & Accessories,5K
95,Veronika Stepanova @veronik20011,16.8K,0.76%,Russia,Education,5K
96,Вероника Бондаренко|секреты многодетной семьи @mama_bond007,16.7K,0.61%,Russia,family Upskilling,5K
97,VALERIYA @valeriya,16.3K,3.29%,Russia,Entertainment & Music,4.9K
98,Pavel Sheff | Hairstylist | Dubai @sheffpavelstylist,16.1K,0.35%,Russia,Beauty & Self Care,4.8K
99,FEDUKONERRR @fedukone,16.1K,2.66%,Russia,Entertainment & Music,4.8K
100,Наташа Идрисова @natasha.ffb,16.1K,0.17%,Russia,Finance,4.8K
