#,NAME,FOLLOWERS,ER,COUNTRY,TOPIC OF INFLUENCE,POTENTIAL REACH
1,Get Movies @UClZkHt2kNIgyrTTPnSQV3SA,44.3M,-,Russia,,13.3M
2,Маша и Медведь @UCRv76wLBC73jiP7LX4C3l8Q,39.1M,-,Russia,,11.7M
3,HiMan @UCM44x9uWlx__9M9Y2IFhxzQ,18.1M,0.8%,Russia,,5.4M
4,TheBrianMaps @UCyJrhZm9KXrzRub3-wD2zWg,16.5M,1.7%,Russia,,5M
5,AdMe @UCuVpbMt4yu4I9eAey3khnGg,15.7M,-,Russia,,4.7M
6,Мастерская Настроения @UCRW3VLiVep5Ud4Ovhj2eUyA,14.1M,-,Russia,,4.2M
7,Поззи @UCuZeiI5pdpgqDojXZujoYgg,13.1M,0.1%,Russia,,3.9M
8,Compot @tastycompot,12.2M,0.3%,Russia,,3.7M
9,MrGear @UCo6DJdltbIub80bLiyJRv3w,11.9M,-,Russia,,3.6M
10,MORGENSHTERN @UCWnqnojAgMdN0fQpr_xByJw,11.8M,1.7%,Russia,,3.5M
11,BIBO и Игрушки @UCqk10y8p4_QVUT9e5LWKkdg,11.7M,-,Russia,,3.5M
12,EugenBro @UCI-t7aBR9T38EzLaNNXLLqA,10.7M,-,Russia,Video Gaming,3.2M
13,СТС @UCdmauIL-k-djcct-yMrf82A,10.7M,-,Russia,,3.2M
14,AdamThomasMoran @UC-27_Szq7BtHDoC0R2U0zxA,10.6M,0.6%,Russia,,3.2M
15,Family Box @UC-jHNWViReG6R_kJ6b45FdQ,10.4M,0.3%,Russia,,3.1M
16,Теремок - Песенки для детей @UCqZZoXlUEki3H7_GCQrw53A,10.3M,-,Russia,Marketing and Advertising,3.1M
17,Давай поиграем в игрушки @UCC-7t96Wrq1d5lwygxOvufQ,10.2M,0.2%,Russia,,3.1M
18,Wylsacom @UCt7sv-NKh44rHAEb-qCCxvA,10.1M,0.1%,Russia,,3M
19,FixEye @UCCiGUQiWcz3lKev49TX8-Ew,9.7M,-,Russia,,2.9M
20,LITVIN @UCy6p8krDY33mDRMt19YrlXg,9.7M,-,Russia,,2.9M
21,FROST @UC9diVCDUnRAB3buT1vLn4-w,9.4M,0.4%,Russia,,2.8M
22,Аид [VyacheslavOO] @UCPX53dr-NSKoXspKmXanbCw,9.1M,-,Russia,,2.7M
23,ЕГОРИК @UCUHQKxU-_DWsrwBxlKWgsew,8.6M,1.1%,Russia,,2.6M
24,HomeAnimations - Мультики про танки @UC-Bc-4nV2-Tk4Af2rqrmrjA,8.6M,0.2%,Russia,,2.6M
25,Говорящий Том и Друзья @UCnBTGpEQ3LGPW2Shh7fiabg,8.4M,-,Russia,,2.5M
26,Little Miss Sofia @UC3p6RnGpU0QQ_H7eYbnH2AA,8.2M,-,Russia,,2.5M
27,Russian TV series @UCcGkkZ3cu4wKTJKSNy_fDmw,8.1M,-,Russia,,2.4M
28,Coffi Channel @UCpDzpaUTbIkdjkCZ9pmfMrA,8.1M,0.1%,Russia,,2.4M
29,ScortyShow @UCQXRhiyzUqZIz7-WJYJ7PaQ,7.8M,-,Russia,,2.3M
30,Данкар @UCcvSMLuj0OcAASPsTyVlzBA,7.7M,2.5%,Russia,,2.3M
31,LABELCOM @UCNqktdxgAADBj36dC7VGOgg,7.5M,0.3%,Russia,,2.2M
32,KTV @UCYFc8A8ZxeanxfBm4dyJUNg,7.1M,0.4%,Russia,,2.1M
33,ShadowPriestok - Евгений Чернявский @UC-ZROtSKHGERKmfuYL0AryQ,7M,-,Russia,,2.1M
34,Лунтик @UCdgDIIKpFlpHB1L0LZnh5EQ,7M,-,Russia,,2.1M
35,Nick Jr. Россия @UCSLZXHSv1aQDNeLN3GX6bew,6.8M,-,Russia,,2M
36,Барбоскины @UC2el0G8cIcOOdjlHy2KOBkQ,6.8M,-,Russia,,2M
37,Funny Family Games tv @UC18k1PkmSegPj7DgDpHCk-Q,6.7M,-,Russia,,2M
38,Дима Гордей @UC-Osiqly2kWjXcB6ElD2iCQ,6.6M,1%,Russia,,2M
39,Anny May @UCxz6gPUpL6l5WSTUObsH9MA,6.6M,-,Russia,,2M
40,КЛИККЛАК @UC5sSL56GJWCi4wsMpobTrAw,6.5M,1.5%,Russia,,1.9M
41,Алексей Навальный @UCsAw3WynQJMm7tMy093y37A,6.4M,1.6%,Russia,,1.9M
42,Sasha Spilberg @UCJatXmy5PyaZ6gFs-NEAFWQ,6.3M,-,Russia,,1.9M
43,Три Кота @UCBZNnwQOBirwpeWncqTj_KQ,6.3M,-,Russia,,1.9M
44,This is Хорошо @UCPT9_sNLoBLjH1uea7zpVIA,6.1M,1.2%,Russia,,1.8M
45,ТОПЛЕС @UC2Ru64PHqW4FxoP0xhQRvJg,6.1M,-,Russia,,1.8M
46,Егор Крид @UCZeinbsBPa37qf4HPj_w-lw,6.1M,-,Russia,,1.8M
47,DaiFiveTop @UCOjjJFywLQTzZcARKsTUzXA,5.9M,-,Russia,,1.8M
48,BadComedian @UC6cqazSR6CnVMClY0bJI0Lg,5.8M,13%,Russia,,1.7M
49,Ярик Кeнт @UC5hNc6nMPLmcgygWgdHifgw,5.8M,-,Russia,,1.7M
50,Официальный канал КВН @UCSZ69a-0I1RRdNssyttBFcA,5.7M,-,Russia,,1.7M
51,ДНЕВНИК ХАЧА @UCnbxcA3kZ_uUYIBHNvxpDQw,5.7M,-,Russia,,1.7M
52,Nickelodeon Cyrillic @UCw3vK8lNe5SZzL--rMgq-CQ,5.6M,-,Russia,,1.7M
53,Katya Adushkina @UCA0Xum6Bxx-rhmrog1A1ISQ,5.5M,-,Russia,,1.6M
54,Виндяй @UCdd2rozVKNHZg9oTeY_X7WQ,5.5M,0.6%,Russia,,1.6M
55,Aminka Vitaminka @UCmCK7DVS30UnjZJq2McDuXA,5.5M,-,Russia,,1.6M
56,ВЛАДУС @vladus,5.4M,0.1%,Russia,,1.6M
57,AcademeG @UC0lT9K8Wfuc1KPqm6YjRf1A,5.3M,1.4%,Russia,,1.6M
58,FILMSTER @UCOD2veMoMj5jy6K0pGt55Bw,5.2M,0.7%,Russia,,1.6M
59,Elli Di @UCTl7rTGi0SROUH_zeXMS_fw,5.2M,0.1%,Russia,,1.5M
60,MOGOL TV @UC6_NK7sQEz1wHAYalwh-mFQ,5.1M,0.1%,Russia,,1.5M
61,SOBOLEV @UCNb2BkmQu3IfQVcaPExHkvQ,5.1M,2.1%,Russia,,1.5M
62,ХАБИБ @UCZYd-fQ0oSnldtcnxt94vMw,5.1M,0.5%,Russia,,1.5M
63,Gazgolder @UCthfjHehYgSyhf8ONjzJMUw,5.1M,-,Russia,,1.5M
64,Nepeta Страшилки @UCvwfhb4WVf29L7nto41xxVQ,5M,1%,Russia,,1.5M
65,Robzi @UCpFJWSlmXbQVgti5s49PkSg,5M,0.3%,Russia,,1.5M
66,BlackStarTV @UCFpD-o5sN0cSk8pgZSGLJ4g,5M,-,Russia,,1.5M
67,доктор Евдокименко @UCmyE72X4HsC7XD-z6QIQpzw,5M,-,Russia,,1.5M
68,EugeneSagaz @UCrd7UM5OBtB0n1zl41qwCUw,4.9M,0.9%,Russia,,1.5M
69,Nieceik bro @UCaY1dtKcLMBzNTlCNcgeVfw,4.9M,-,Russia,,1.5M
70,DAVA @UCbh7BxJWCMnWLwJ-traa6Wg,4.9M,1.2%,Russia,,1.5M
71,Utopia Show @UC8M5YVWQan_3Elm-URehz9w,4.9M,7.1%,Russia,,1.5M
72,Anime Uz @UCGmNzuYd1RRp9B-BWljkq5w,4.9M,-,Russia,,1.5M
73,Quantum Games @UC7TkMpfCCRwhi8vbTCAOw-A,4.8M,0.4%,Russia,,1.4M
74,OVER SHOW @UC2VQebBHZ0Jmh-AI2JrXkQg,4.8M,0.2%,Russia,Celebrity,1.4M
75,NevoMusic @UCkaUg9b9LplVoJdx1JwwyOg,4.8M,-,Russia,,1.4M
76,oblomoff @UC5hcH25pD-rgIlQvzErgE7A,4.8M,0.4%,Russia,,1.4M
77,Baby Tunes Kids Channel @UC3_ZmN_g5Z_M6F-MrAxzyxg,4.7M,-,Russia,,1.4M
78,BaSTOP @UC3idpw_a9etHldTyHTiIH6g,4.7M,-,Russia,,1.4M
79,Сериал @UCjvuO1gMPI-7PB_eSXdtfmA,4.7M,-,Russia,,1.4M
80,ОЛЕЖЭ @UC9rUnYrza0heXpO011zNDfQ,4.7M,-,Russia,,1.4M
81,Raily @UCZ2-3OqJpwRfIvUGBOKa0_g,4.6M,-,Russia,,1.4M
82,ИЛЬДАР АВТО-ПОДБОР @UCG4yz4wtp2E5S62L06yqC9w,4.6M,3.2%,Russia,,1.4M
83,ПУШЕР @UCv7Zff-RjwiRPlvn8g5fMog,4.5M,0.7%,Russia,,1.4M
84,НАСТЯ ИВЛЕЕВА @UCtGJ_XI0ZGwEmKZaj3VQITw,4.5M,1.2%,Russia,,1.4M
85,Edward Bil @UCjFPu8rOAk1hleLQH6-7_Hg,4.5M,-,Russia,,1.3M
86,Кухня наизнанку @UC4gVKW7oYok8-3vmeIBNB_w,4.5M,0.5%,Russia,,1.3M
87,Юрий Хованский @UCnQBjLBbZ6TXMwM_D_iaXjQ,4.5M,-,Russia,,1.3M
88,КОТЫ ЮТУБЕРЫ @UCdThPRpf84nKaHe-ETxTPhg,4.5M,-,Russia,,1.3M
89,Warpath Tesla @UCR8qqzjkpbCdY4yx8axvHYA,4.5M,0.1%,Russia,,1.3M
90,Свинка Пеппа Русский - Официальный канал @UCnenDeyXGv5IRYsa3QAGdhQ,4.4M,-,Russia,,1.3M
91,TRUE GYM MMA @UCkrbi2bmw7DQuuC8k4TP-QA,4.4M,-,Russia,Fitness,1.3M
92,Веля @UCqzhvLeBcNEJHq9dZDEit8Q,4.4M,-,Russia,,1.3M
93,smotraTV @UCv2hYhRYO8Fmbs5mUemz2oQ,4.4M,0.7%,Russia,,1.3M
94,Луана @UCaj7AVYY8kNjmmNYWXg3YGg,4.3M,2.9%,Russia,,1.3M
95,Heidi & Zidane قصص الأسرة @UCyV1wybRFhJTNfrK8BT0BHA,4.3M,-,Russia,,1.3M
96,Comedy Club @UCsIEFXNO4bxh0hW3-_z2-0g,4.3M,0.7%,Russia,,1.3M
97,Shadow Fight @UCckHBcinJJKHKi9sBEpGARA,4.3M,-,Russia,,1.3M
98,Mary Senn @UCOug6HHVNWDpnU-m5kDNwvw,4.3M,-,Russia,,1.3M
99,GAN_13_ @UC83gPvleQosu4R3f0U3z-tg,4.3M,1%,Russia,,1.3M
100,Жекич Дубровский @UC9XJvt8OT-9_8QHDBdqocaw,4.3M,3.7%,Russia,,1.3M
