#,NAME,FOLLOWERS,ER,COUNTRY,TOPIC OF INFLUENCE,POTENTIAL REACH
1,Ronaldo de Assis Moreira @ronaldinho,3M,0.6%,Brazil,Sports,898.1K
2,Anitta 🎤 @anitta,2.5M,0.8%,Brazil,Entertainment & Music,764.9K
3,Richarlison @richarlison,2M,0.54%,Brazil,Sports,589.1K
4,Iran Ferreira @luvadepedreiro,1.8M,0.3%,Brazil,Funny,525.2K
5,MEL MAIA 🍯 @melissamelmaia,1.6M,0.57%,Brazil,Entertainment & Music,487.5K
6,JoJo @jojotodynho,1.5M,0.49%,Brazil,Entertainment & Music,449.9K
7,🏛 Gusttavo Lima 🏛 @gusttavolima,1.4M,0.28%,Brazil,Entertainment & Music Romance & Wedding,432.4K
8,Mirella Santos @eumirellasantos,1.4M,0.69%,Brazil,Fitness & Health,420.3K
9,+A @maisa,1.4M,0.33%,Brazil,Acting & Drama Business & Entrepreneurship,417.3K
10,LUÍSA SONZA @luisasonza,1.3M,0.59%,Brazil,Entertainment & Music,404.1K
11,Hugo Gloss @hugogloss,1.2M,0.03%,Brazil,Entertainment & Music,353.7K
12,Larissa Manoela @larissamanoela,1.1M,0.18%,Brazil,Acting & Drama Fashion & Accessories Entertainment & Music Motherhood,344.5K
13,LUDMILLA @ludmilla,1.1M,0.46%,Brazil,Entertainment & Music,338.2K
14,Júlio Cocielo Estaniecki @cocielo,1.1M,0.51%,Brazil,Entertainment & Music Comedy,334.1K
15,IZA @iza,1M,0.49%,Brazil,Entertainment & Music,305.3K
16,Sabrina Sato @sabrinasato,1M,0.19%,Brazil,Entertainment & Music Acting & Drama,303.7K
17,isis valverde @isisvalverde,949.3K,0.08%,Brazil,Entertainment & Music,284.8K
18,LUCAS RANGEL @lucasranngel,940.4K,0.46%,Brazil,Beauty & Self Care,282.1K
19,Forbes Brasil @forbesbr,896.6K,0.13%,Brazil,Finance,269K
20,Tata Estaniecki Cocielo @tata,887.6K,0.42%,Brazil,Product Showcase,266.3K
21,Eliana Michaelichen @eliana,882.6K,0.36%,Brazil,Entertainment & Music,264.8K
22,ALVARO @alvxaro,856.9K,0.68%,Brazil,Entertainment & Music Funny,257.1K
23,Poze Do Rodo 🤑 @pozevidalouca,849.3K,0.63%,Brazil,Entertainment & Music,254.8K
24,Felipe Neto 🦉 @felipeneto,817.9K,0.38%,Brazil,Entertainment & Music,245.4K
25,Andressa Suita @andressasuita,814.5K,-,Brazil,Fashion & Accessories family,244.3K
26,Bruno Gagliasso @brunogagliasso,813.8K,0.15%,Brazil,Fashion & Accessories Auto and Vehicles,244.1K
27,Junior Caldeirão @juniorcaldeiraoo,784.7K,0.68%,Brazil,Entertainment & Music Beauty & Self Care,235.4K
28,Paulo André 🏁 @iampauloandre,775.9K,0.27%,Brazil,Auto and Vehicles,232.8K
29,Deborah Secco @dedesecco,762.2K,0.2%,Brazil,Beauty & Self Care Fashion & Accessories,228.7K
30,Pelé Foundation @pele,749.5K,0.5%,Brazil,Sports,224.9K
31,Fatos Desconhecidos @fatosdesconhecidos,739.5K,0.33%,Brazil,Education,221.9K
32,Gabriela Martins @gabimartins,721.3K,0.12%,Brazil,Entertainment & Music,216.4K
33,Camilla de Lucas @camilladelucas,715.1K,0.29%,Brazil,Entertainment & Music,214.5K
34,Arthur Aguiar @arthuraguiar,709.8K,0.32%,Brazil,Entertainment & Music Fashion & Accessories,212.9K
35,Rafael Portugal @rafaelportugal,677.5K,0.2%,Brazil,Entertainment & Music Acting & Drama,203.3K
36,Thais Fersoza @tatafersoza,638.7K,0.12%,Brazil,Entertainment & Music family,191.6K
37,XAMÃ @euxama,634.7K,0.37%,Brazil,Entertainment & Music,190.4K
38,Rayssa Leal @rayssalealsk8,626.3K,0.25%,Brazil,Sports,187.9K
39,LEURISCLEIA @leuriscleia,597.2K,0.28%,Brazil,Entertainment & Music Acting & Drama,179.2K
40,Fernanda Souza @fernandasouzaoficial,594.1K,-,Brazil,,178.2K
41,Lucas Lucco @lucaslucco,579.6K,0.09%,Brazil,Entertainment & Music,173.9K
42,Hungria @hungria_oficial,576.8K,0.4%,Brazil,Entertainment & Music,173K
43,desimpedidos | futebol @desimpedidos,572.1K,0.21%,Brazil,Entertainment & Music Sports,171.6K
44,Alessandra Negrini @alessandranegrini,568.1K,1.03%,Brazil,Acting & Drama,170.4K
45,RAFAEL CUNHA @rafaelcunha,561.8K,0.17%,Brazil,Entertainment & Music Funny,168.5K
46,Pedro Scooby @pedroscooby,560.2K,0.16%,Brazil,Entertainment & Music,168.1K
47,Lucas Guedez @lucasguedez,556.9K,0.44%,Brazil,Arts & Crafts,167.1K
48,STHE ⚓️ @sthefanematos,551.1K,0.47%,Brazil,Entertainment & Music,165.3K
49,Ana Maria Braga @anamaria16,542.9K,0.32%,Brazil,Food,162.9K
50,Cremosinho @ocremosinho,540.6K,0.29%,Brazil,Funny,162.2K
51,Michel Teló @micheltelo,516K,0.07%,Brazil,Entertainment & Music,154.8K
52,Tati Zaqui 👽 @tatizaqui,513.3K,0.18%,Brazil,Entertainment & Music,154K
53,Viviane Araujo @araujovivianne,512.7K,0.33%,Brazil,Acting & Drama,153.8K
54,Vivi @vivi,511.6K,0.2%,Brazil,Entertainment & Music,153.5K
55,MIRELA JANIS 🍦 @mirelajanis,510.5K,0.21%,Brazil,Finance,153.1K
56,Mari Fernandez 🎙 @marifernandez,503.3K,0.23%,Brazil,Entertainment & Music,151K
57,Emily Garcia @e_milygarcia,490.8K,0.11%,Brazil,,147.2K
58,ASTROLOUCAMENTE POR SIGNOS 🔮 @astroloucamente,479.2K,0.07%,Brazil,Education,143.8K
59,DJ Pedro Sampaio @pedrosampaio,475.4K,0.37%,Brazil,Entertainment & Music,142.6K
60,Karoline Lima. @karolinel,469.2K,0.61%,Brazil,,140.8K
61,PAULINHO O LOKO @paulinhooloko,464.3K,0.8%,Brazil,Entertainment & Music,139.3K
62,Lorrane Silva @_pequenalo,463.5K,0.51%,Brazil,Education Health & Fitness family,139.1K
63,Rico Melquiades 🔥 @ricoof,453.5K,0.18%,Brazil,Entertainment & Music,136K
64,SASHA @sashameneghel,452.2K,0.15%,Brazil,Entertainment & Music,135.6K
65,✨VIDACARA✨ @orochi,450.3K,0.66%,Brazil,Finance,135.1K
66,Julia Puzzuoli @juliapuzzuoli,446.4K,0.19%,Brazil,Entertainment & Music Finance,133.9K
67,CONMEBOL Libertadores @libertadores,439K,0.18%,Brazil,Sports,131.7K
68,Denilson Show @denilsonshow,431.2K,0.11%,Brazil,Sports Entertainment & Music,129.4K
69,Bruna Griphao @brunagriphaoo,430.5K,0.3%,Brazil,Acting & Drama,129.1K
70,Ruivinha de Marte @ruivinhademarte,429.4K,0.13%,Brazil,Beauty & Self Care,128.8K
71,Corinthians @corinthians,428.6K,1.47%,Brazil,Sports,128.6K
72,𝚌𝚊𝚛𝚘𝚕𝚒𝚗𝚊 𝚍𝚒𝚎𝚌𝚔𝚖𝚊𝚗𝚗 @loracarola,428.2K,0.35%,Brazil,Auto and Vehicles,128.5K
73,Gabi Brandt @gabibrandt,421.6K,-,Brazil,Religion family,126.5K
74,Felipe Araújo @felipearaujocantor,419.9K,0.06%,Brazil,Entertainment & Music,126K
75,Alê Oliveira @aleoliveiracm,418.1K,0.28%,Brazil,Fashion & Accessories,125.4K
76,Matheus & Kauan @matheusekauan,417.9K,0.06%,Brazil,Entertainment & Music,125.4K
77,Lucas Koka Penteado @lucaskokapenteado,413.5K,-,Brazil,Entertainment & Music,124.1K
78,Um Cartão @umcartao,413K,0.21%,Brazil,Life & Society,123.9K
79,Renato Cariani @renato_cariani,412.2K,0.6%,Brazil,Education Fitness & Health,123.7K
80,Klåra Cåstanho @klarafgcastanho,409K,0.14%,Brazil,Entertainment & Music,122.7K
81,Sophia Valverde® @sophiavalverde,396.3K,0.3%,Brazil,Entertainment & Music,118.9K
82,Fernanda Gentil @gentilfernanda,391.3K,0.15%,Brazil,Entertainment & Music,117.4K
83,Kelly Key @oficialkellykey,389.6K,0.09%,Brazil,Beauty & Self Care family,116.9K
84,Nicole Bahls @nicolebahls,384.7K,0.3%,Brazil,Fashion & Accessories,115.4K
85,Carla Diaz @carladiaz,384.6K,0.2%,Brazil,Acting & Drama,115.4K
86,SBT @sbt,375.8K,0.11%,Brazil,Entertainment & Music,112.7K
87,Claudia Raia @claudiaraia,369.3K,0.15%,Brazil,Acting & Drama Entertainment & Music,110.8K
88,Kaka Diniz @kakadiniz,368.7K,0.27%,Brazil,Education,110.6K
89,Thallysson Borges @thallysson,368.3K,0.39%,Brazil,Entertainment & Music,110.5K
90,Thelma Assis @thelminha,366.9K,0.15%,Brazil,Entertainment & Music,110.1K
91,Rica de Marré @ricademarre,366.9K,0.29%,Brazil,Fashion & Accessories,110.1K
92,Lipe Ribeiro @lipemribeiro,362.1K,0.13%,Brazil,,108.6K
93,Romana Novais @romananovais,362K,0.37%,Brazil,Beauty & Self Care Health,108.6K
94,Solange Almeida 🌞 @solangealmeida,361.1K,0.18%,Brazil,Entertainment & Music,108.3K
95,Sarah Andrade @sarahandrade,358.7K,0.07%,Brazil,Fashion & Accessories Travel Marketing,107.6K
96,Lu do Magalu 💙 @magazineluiza,358K,0.1%,Brazil,,107.4K
97,Luiz Inácio Lula da Silva @lulaoficial,357.7K,0.93%,Brazil,Politics,107.3K
98,Victor Igoh 💀 @victorigoh,351.1K,0.43%,Brazil,Entertainment & Music,105.3K
99,Felipe Theodoro @theodoro,350.3K,0.65%,Brazil,Entertainment & Music,105.1K
100,Havan @havanoficial,350.1K,0.03%,Brazil,Fashion & Accessories Home & Garden,105K
