#,NAME,FOLLOWERS,ER,COUNTRY,TOPIC OF INFLUENCE,POTENTIAL REACH
1,beca @beca,29.2M,1%,Brazil,Travel,8.8M
2,+a @maisa,19.7M,0.6%,Brazil,Arts and Crafts,5.9M
3,Ingrid Ohara @ingridohara,17.1M,0.7%,Brazil,Entertainment and Music,5.1M
4,Luísa Sonza @luisasonza,16.3M,0.7%,Brazil,Music,4.9M
5,Felipe Neto @felipeneto,15.5M,-,Brazil,,4.7M
6,Emilly Vick @emillyvickof,15.3M,-,Brazil,Fashion and Accessories Beauty and Self Care,4.6M
7,LK @lkzinhu,14.5M,-,Brazil,Arts and Crafts,4.4M
8,nilson ☻ @nilsonneto,13.3M,-,Brazil,Entertainment and Music,4M
9,marcelotwelve @marcelotwelve,11.7M,-,Brazil,,3.5M
10,Isaías @isaias,11.2M,-,Brazil,Entertainment and Music Funny Acting and Drama,3.4M
11,Netflix Brasil @netflixbrasil,10.2M,-,Brazil,Entertainment and Music,3.1M
12,Celso Portiolli @portiolli,9.8M,-,Brazil,,2.9M
13,Gabriela Moura @gabimfmoura,9.4M,3.6%,Brazil,,2.8M
14,TikTok Brasil @tiktokbrasil,9.3M,-,Brazil,Entertainment and Music,2.8M
15,Ananda @ananda,9.2M,-,Brazil,Entertainment and Music,2.8M
16,Raissa Chaddad @raissachaddad,8.9M,-,Brazil,Acting and Drama,2.7M
17,Victtória Medeiros @victtoriamedeiros,8.8M,2.7%,Brazil,,2.6M
18,Simaria @simaria,8.7M,0.1%,Brazil,,2.6M
19,lisa @lisabarcelox,8.5M,-,Brazil,,2.6M
20,Jeipy @j3ipy_,8.1M,0.1%,Brazil,Education Entertainment and Music,2.4M
21,João Ferdnan @joaoferdnan,7.7M,0.1%,Brazil,Entertainment and Music,2.3M
22,Jojo Todynho @jojotodynho,7.5M,-,Brazil,,2.3M
23,Humorista Talokudo @talokudo,7.2M,-,Brazil,Funny,2.2M
24,Kau @kauanahofem,7.1M,-,Brazil,,2.1M
25,Thiago Ventura @othiagoventura,6.9M,-,Brazil,Entertainment and Music Funny Celebrity,2.1M
26,Mateus Pain @mateuspain,6.8M,0.3%,Brazil,Entertainment and Music,2M
27,yaszou @yaszou,6.7M,-,Brazil,Fashion and Accessories,2M
28,LOUD Mii @loud_mi,6.5M,-,Brazil,Entertainment and Music,2M
29,Juliana Paiva @juuliana_paiva,6.4M,1.1%,Brazil,Acting and Drama Celebrity,1.9M
30,taby @tabyoriginal,5.8M,-,Brazil,Fashion and Accessories,1.7M
31,Aninha Pereira @aninha,5.7M,-,Brazil,Arts and Crafts,1.7M
32,Ramana Borba @ramanaborba,5.6M,-,Brazil,,1.7M
33,Júlio Cocielo @cocielo,5.4M,0.1%,Brazil,Entertainment and Music,1.6M
34,Tami @tamiriarodrigues,5.2M,-,Brazil,Fitness and Health,1.6M
35,Amanda Araújo @_amanndaraujo,5.1M,1.6%,Brazil,Entertainment and Music,1.5M
36,Edivando Junior @ediqueixinho,5.1M,2.4%,Brazil,Entertainment and Music,1.5M
37,Carol Chamberlain @carolchamberlain,5.1M,-,Brazil,Acting and Drama,1.5M
38,Daniele Lopes @danielelopes.s,5M,-,Brazil,,1.5M
39,Ana Julia Mallmann ✨ @ana_mallmann_,5M,-,Brazil,,1.5M
40,Bruna Louise @abrunalouise,5M,-,Brazil,,1.5M
41,Dani Russo @danirussotv,5M,-,Brazil,Entertainment and Music,1.5M
42,doarda @doarda,4.9M,-,Brazil,Life and Society Travel,1.5M
43,Laizza @laizza,4.9M,-,Brazil,,1.5M
44,Marina Ruy Barbosa @marinaruybarbosa,4.9M,-,Brazil,,1.5M
45,Marvin @marvinlaqueen,4.9M,-,Brazil,Entertainment and Music,1.5M
46,Davi Kneip @davikneip,4.6M,-,Brazil,,1.4M
47,Tailane Garcia @tailanegarcia,4.6M,-,Brazil,Funny,1.4M
48,Bia @magicardb,4.6M,-,Brazil,Funny,1.4M
49,TNT Sports Brasil @tntsportsbr,4.6M,-,Brazil,Sports,1.4M
50,@julyanadaiane @julyanadaiane,4.6M,-,Brazil,Romance and Wedding,1.4M
51,Big Brother Brasil @bbb,4.4M,-,Brazil,,1.3M
52,Luan Santana @luansantana,4.4M,-,Brazil,Entertainment and Music,1.3M
53,Wesley Safadão @wesleysafadao,4.3M,-,Brazil,Entertainment and Music,1.3M
54,Castro Brothers @castrobrothersoficial,4.2M,-,Brazil,Entertainment and Music Funny,1.3M
55,Sil konce @silkonce,4.2M,-,Brazil,Entertainment and Music Funny,1.3M
56,Andressah Catty @andressahcatty,4.1M,-,Brazil,Education,1.2M
57,Agatha Moreira @agathaamoreiraa,4.1M,0.1%,Brazil,,1.2M
58,amorporeceitas @amorporeceitas,4M,-,Brazil,,1.2M
59,Caio Pericinoto @caiopericinoto,3.9M,-,Brazil,Entertainment and Music Funny,1.2M
60,C A M E R A B R O @camera_bro,3.8M,0.7%,Brazil,Photography,1.1M
61,Corinthians @corinthians,3.7M,0.6%,Brazil,Sports,1.1M
62,Alice Oliveira 💕 @alicereja,3.6M,-,Brazil,Acting and Drama,1.1M
63,Gabby B @gabbyb_music,3.6M,-,Brazil,Entertainment and Music,1.1M
64,Sam Bechara @sambechara_,3.5M,-,Brazil,Entertainment and Music,1.1M
65,Caciano Kuffel @cacianok,3.5M,0.1%,Brazil,Arts and Crafts Entertainment and Music,1.1M
66,Thay Couto @thaycouuto,3.5M,-,Brazil,Entertainment and Music,1.1M
67,Matheus Theodoro @matheus_theodoro,3.4M,-,Brazil,Entertainment and Music Funny,1M
68,South America Memes @southamericamemes,3.3M,-,Brazil,,990K
69,GrandeGringoBranco @grandegringobranco,3.3M,0.1%,Brazil,,990K
70,Isa Paoli @isapaoli,3.2M,-,Brazil,Funny,960K
71,Caio Oliveira @caioliveiralex,3.2M,-,Brazil,,960K
72,Manoella Campello @manoellacampello,3.1M,-,Brazil,,930K
73,Sophia Blair @sophiablairr,3.1M,2.3%,Brazil,Entertainment and Music,930K
74,CALL ME LUCAS 🇧🇷 @00h.03m,3.1M,-,Brazil,Entertainment and Music,930K
75,Barbie Boy Maiderson @barbieboymaiderson,3.1M,-,Brazil,Entertainment and Music,930K
76,Ju Araújo @ajuaraujo,3.1M,-,Brazil,Entertainment and Music,930K
77,Laura Fernandes @lauriinhafeer,3M,-,Brazil,,900K
78,Kim RosaCuca @kimrosacuca,3M,-,Brazil,Entertainment and Music,900K
79,Wiris Viana @wirisvianaofficial,3M,0.1%,Brazil,Entertainment and Music,900K
80,nilsinho @nilsonnetu,2.9M,-,Brazil,Entertainment and Music,870K
81,Cleane Fontenele @cleanefonteneletv,2.9M,-,Brazil,,870K
82,Gabrielmatss @don_gbzin,2.8M,-,Brazil,,840K
83,Matheus Mazzola @m.mazzola,2.8M,-,Brazil,Outdoor Activity,840K
84,Sabrina Bruna @sabrinatattoo,2.8M,4.4%,Brazil,,840K
85,Gustax ✨ @gustaxoficial,2.8M,-,Brazil,Entertainment and Music Funny,840K
86,Otaviano Costa @otaviano,2.7M,-,Brazil,Entertainment and Music,810K
87,Ingrid Guimaraes @ingridguimaraesoficial,2.7M,-,Brazil,Acting and Drama Funny,810K
88,Jalex @jalexrosa,2.7M,1.4%,Brazil,,810K
89,Samsung Brasil @samsungbrasil,2.6M,0.2%,Brazil,Product Showcase,780K
90,Manual do Mundo @manualdomundo,2.6M,-,Brazil,Education DIY and Life Hacks,780K
91,Mustache @reviewsdomustache,2.6M,-,Brazil,Food Travel,780K
92,Júlia Gava @itsjuli4_,2.6M,-,Brazil,Acting and Drama,780K
93,Chloe Marie Dubois @chloemariedub,2.6M,0.1%,Brazil,,780K
94,Raylla fachin @rayllafachin33,2.6M,-,Brazil,,780K
95,Marcus Majella @marcusmajella,2.6M,0.1%,Brazil,,780K
96,Fãs do Cláudio Duarte @claudioduarteoficial0,2.6M,-,Brazil,family,780K
97,Arthur e Letícia @loucurasdeumcasal_,2.5M,-,Brazil,,750K
98,Podologa Kelly Freitas 🦶🏽 @podologakellyfreitas,2.5M,-,Brazil,Beauty and Self Care,750K
99,Felipe Prior @eumesmofelipeprior,2.4M,-,Brazil,Arts and Crafts,720K
100,rio @rio.tew,2.4M,-,Brazil,Entertainment and Music,720K
