#,NAME,FOLLOWERS,ER,COUNTRY,TOPIC OF INFLUENCE,POTENTIAL REACH
1,Spinnin' Records @UCpDJl2EmP7Oh90Vylx0dZtA,29.7M,-,Netherlands,,8.9M
2,Martin Garrix @UC5H_KXkPbEsGs0tFt8R35mA,14.4M,-,Netherlands,,4.3M
3,Trap City @UC65afEgL62PGFWXY7n6CUbA,14.1M,-,Netherlands,Music,4.2M
4,NikkieTutorials @UCzTKskwIc_-a0cGvCXA848Q,13.9M,2%,Netherlands,,4.2M
5,أترو/Atro @UCjf3ZSi7xMu8O9frZZ8FEGg,12.8M,0.2%,Netherlands,,3.8M
6,SuperbLyrics @UCy9zjfGD_LGnfaz27K5pvnw,6.4M,-,Netherlands,Music,1.9M
7,Silo Entertainment @UCo8q1BVz59Yepk1QPGKLElA,5.9M,-,Netherlands,Celebrity,1.8M
8,Saskia's Dansschool @UCOiFUE8BrJaAje9IlSmzCtg,5.7M,-,Netherlands,,1.7M
9,Emma Heesters @UCnM_Dh_3p-m3M-1tF0E9Cjw,5.7M,4.2%,Netherlands,,1.7M
10,Armin van Buuren @UCu5jfQcpRLm9xhmlSd5S8xw,5.4M,-,Netherlands,,1.6M
11,Hardwell @UCPT5Q93YbgJ_7du1gV7UHQQ,5.1M,0.1%,Netherlands,,1.5M
12,Armada Music TV @UCGZXYc32ri4D0gSLPf2pZXQ,5M,-,Netherlands,,1.5M
13,Fundy @UCCE5NVlm0FhbunMMBT48WAw,4.3M,-,Netherlands,,1.3M
14,DTS TRADER @UC-ZrKLhOyohhDYm_0HGRR_A,3.9M,0.3%,Netherlands,,1.2M
15,Pick Up Limes @UCq2E1mIwUKMWzCA4liA_XGQ,3.8M,0.5%,Netherlands,,1.2M
16,ProjectJamesify @UCwCj-mTphfnjBcRag6MEM2A,3.6M,-,Netherlands,Video Gaming,1.1M
17,varlamov @UC101o-vQ2iOj9vr00JUlyKw,3.6M,1.8%,Netherlands,,1.1M
18,Cas van de Pol @UCr1fdFXztwacnJ206hMgG7w,3.3M,5.4%,Netherlands,,990K
19,Chillhop Music @UCOxqgCwgOqC2lMqC5PYz_Dg,3.3M,-,Netherlands,,984K
20,AutoTopNL @UC9DXAsBD4-ITVuvpd68401Q,3.3M,0.1%,Netherlands,,978K
21,Vibe Music @UChO8h2G8UjOVc081rgYU8XQ,3.2M,-,Netherlands,,945K
22,Dima en Auto's @UCmAdsuAXyR07qHZjiqqD7zg,3.1M,-,Netherlands,,915K
23,Dark Corners @UCP1YcvxeNRHEcqyBk_7mjVg,2.9M,-,Netherlands,Video Gaming,879K
24,A Chick Called Albert @UCBjh-uGy5RcclATnFpQBobw,2.9M,0.9%,Netherlands,,864K
25,عبادة خير الدين Obada Sykh @UCrpiHdO6fwerkP--S5i2e6A,2.7M,0.6%,Netherlands,,813K
26,EnzoKnol @UCh8bTHe4T8o7RIU7R5EPX-w,2.7M,-,Netherlands,,810K
27,Rap City @UCQ5DkUL8c_vbflfQ8LRsCIg,2.7M,-,Netherlands,,807K
28,Igor Presnyakov @UC8gSNcKgwBK7B4ulB8nh_gw,2.6M,-,Netherlands,,777K
29,An Knook @UCrfr4PnqvdJO4KrYWg10CJw,2.6M,-,Netherlands,,777K
30,StukTV @UCK5Fn7Z6-iFMdxEye2FsKXg,2.6M,0.5%,Netherlands,,774K
31,Gezen Adam @UCy40Jd2Mcs7EWzDC_43q3SA,2.6M,-,Netherlands,,768K
32,MCPE Journalist @UCs3h-NkVdvnVuHiwekXVwtQ,2.5M,-,Netherlands,,750K
33,Eddie van der Meer @UCCRb9Zn03QoEb8cnfwTOFTg,2.5M,-,Netherlands,,750K
34,Without Music @UCHF0Bxys49VeBu8jR5oh6jg,2.5M,0.5%,Netherlands,,741K
35,Gumbal @UCwn0jaGbgMkYioOWBzMog1Q,2.5M,-,Netherlands,,735K
36,Disney NL @UCHjX8DEVy6ECIRpdGYzHBSA,2.3M,-,Netherlands,,690K
37,Jamesify @UC9BgqXldGODtJszmPOmzVDw,2M,-,Netherlands,,603K
38,Epic Music NL @UCWWFyQj6lzKfFek-RyEEj9A,1.9M,-,Netherlands,,582K
39,HardstyleUp2Datez [HU2Dz] @UCRdr2mcvuxjeF453ICIjQpQ,1.9M,-,Netherlands,,573K
40,SivHD @UC3FG_gOPjOiHo1iWLtD1qDw,1.8M,0.2%,Netherlands,,537K
41,TopNotch @UCIb2FkhwkigTabnuj6D7oew,1.8M,-,Netherlands,Music,534K
42,Einzelgänger @UCybBViio_TH_uiFFDJuz5tg,1.7M,-,Netherlands,,516K
43,7even Records @UCvYhEsecAJ-hE0mLN3DId_w,1.7M,-,Netherlands,,510K
44,Vengaboys @UC1ZJB8MepA7B7zQE8TmzQdQ,1.6M,0.1%,Netherlands,,471K
45,Revealed Music @UCnhHe0_bk_1_0So41vsZvWw,1.6M,-,Netherlands,Music,468K
46,Dance Fruits @UCnMuO9UobvCU-dHp4o7OSWQ,1.6M,-,Netherlands,Music News Pets Technology,468K
47,noahsarklabel @UCJ5Vwcz74Drspgbf--_i0Uw,1.5M,-,Netherlands,,462K
48,Itchy Boots @UCEIs9nkveW9WmYtsOcJBwTg,1.5M,-,Netherlands,,456K
49,MeisjeDjamila @UCANa7EO3GwG7fzEMO-fVRWQ,1.5M,0.7%,Netherlands,,447K
50,Davina Michelle @UCNFhPxOF1NRT1QlxJzgctzw,1.5M,-,Netherlands,Music Travel,447K
51,FundyLIVE @UCJhTTqtsvThK99_IbNDtwSw,1.4M,-,Netherlands,,420K
52,Milan Knol @UCNPlSBggCmH8FJiMC2FYYpQ,1.4M,0.1%,Netherlands,,414K
53,Gio @UCzK9UevsDrNpuPON_H1EepA,1.4M,-,Netherlands,,408K
54,Jelle's Marble Runs @UCYJdpnjuSWVOLgGT9fIzL0g,1.4M,0.3%,Netherlands,Celebrity,408K
55,Kalvijn @UCjB-TLtaveC9NYFHQmFOJaQ,1.3M,1.1%,Netherlands,,396K
56,Music by Blanks @UC-KiGOO_09r_0J9vAjBLTBg,1.3M,0.8%,Netherlands,,393K
57,KOP Shorts @UCNbW2qx5OZa546X24DgHvxQ,1.3M,-,Netherlands,,393K
58,PPO @UCNvT4F1eFg2mRI5VFL5y7jA,1.3M,-,Netherlands,,387K
59,LEIDY @UCkUBEsW2p_TwsQ0jBxZdHRA,1.3M,0.1%,Netherlands,,387K
60,Martoz @UCMFEI-CWLBE8zdOu7BeSlow,1.3M,-,Netherlands,,381K
61,Disney Channel NL @UCD69tZl3tqlb3LJXf8U6Hqg,1.3M,-,Netherlands,,378K
62,5 Minuten Knutselen @UCx8QCgoOwkWsSrU3zi8iCgA,1.3M,-,Netherlands,,378K
63,SKILLER @UCFz1irDsvD3_8H-hzk-Fytg,1.3M,0.6%,Netherlands,,375K
64,TopPop @UCxjzlr0hdKWfIwK2lY0SvEg,1.2M,-,Netherlands,,360K
65,Seru2112 @UC4yO-RMUqkCWomGyMPlbFQA,1.2M,-,Netherlands,,354K
66,GameMeneer @UCU0TjDaglN5awRHKY_tThzA,1.2M,-,Netherlands,,354K
67,محمود انور - Mahmoud Anwar @UC8-NqzmsDdGLboU1Rb-lohg,1.2M,1%,Netherlands,,348K
68,Future House Music @UCXvSeBDvzmPO05k-0RyB34w,1.2M,-,Netherlands,,345K
69,Surgical Goblin @UCFaV5im11vfhDs1BaaF9a0A,1.1M,-,Netherlands,,342K
70,Burak Yeter @UCkCbJ6kruvug_6XOusB1rdQ,1.1M,0.2%,Netherlands,,330K
71,ПУРУМЧАТА @UCLa2_RAPJhIG88m8SiCDTJA,1.1M,-,Netherlands,,330K
72,Cinema Of Gaming @UClmNjMqPfpcePn1JdRBq7mw,1.1M,-,Netherlands,,330K
73,Q-dance @UCAEwCfBRlB3jIY9whEfSP5Q,1.1M,0.5%,Netherlands,,327K
74,Alexander Studios @UCVwl5YBlImOOJm-fO4mu6pA,1.1M,5.4%,Netherlands,,327K
75,Hanwe @UCJx1izJJh2GSQnn9Rmh3mAQ,1.1M,0.8%,Netherlands,,324K
76,Basshall Movement @UCh7p69Sj2hHLU9yavME3ytA,1.1M,-,Netherlands,,321K
77,Don @UC-XguAp8kn-0tRqm0w2gYNw,1.1M,0.5%,Netherlands,,318K
78,Boomerang Benelux @UCqndRprQFdjVv2GYxhn1csg,1.1M,-,Netherlands,,315K
79,Club Baboo @UC4qDWzHgug7clf4-HeGpkpA,1.1M,-,Netherlands,,315K
80,TOUZANI TV @UCto2NI994eyiEgP2eB3Jwdg,1M,0.8%,Netherlands,,312K
81,Within Temptation @UCiSQf6v-4cNmbEFdind5z2Q,1M,-,Netherlands,Careers Music Technology,312K
82,Parul Saxena @UCar9OcxIkK_D1z_MVYtpuAg,1M,-,Netherlands,,306K
83,Hussam & Rula Family @UCJkGN7HSTBr9xKdlmatGo8A,1M,1.9%,Netherlands,,306K
84,Carol Domingos @UCJM8gctYBuP3rwfL5J-RKnA,1M,0.5%,Netherlands,,306K
85,youngerdays (the old one) @UC20SdCjoKjR9dEfIMkix11Q,997K,-,Netherlands,,299.1K
86,Angerfist @UCdluEI4RUCXmIgWyGmt5y9g,984K,1.6%,Netherlands,,295.2K
87,Hyra @UCU1Ag9C12YZFKY2HpNJr_3Q,981K,1.1%,Netherlands,,294.3K
88,Furtjuh @UCFEI6mmSQgU7QyiTVpWXOLg,975K,3%,Netherlands,,292.5K
89,Team DylanHaegens @UChia3khITnCx4Q8d_tvQuKg,942K,-,Netherlands,,282.6K
90,Trap Club @UCQgLEMc2YMuZ-CFIEZOu8Sw,938K,-,Netherlands,Music,281.4K
91,AFC Ajax @UCGpf7WX7R1one-NwOvg_PbQ,927K,-,Netherlands,,278.1K
92,SpideyPlanet @UC0AeIM8xtiFAgT_N1inUQxQ,922K,-,Netherlands,Celebrity,276.6K
93,Jesus.net @UCH8oU2QSpVVe2L4hHN3Ft6g,917K,-,Netherlands,,275.1K
94,Royalistiq @UC6UTBWQJOvtGIjdBcC7WwPw,916K,0.2%,Netherlands,,274.8K
95,Gab Smolders @gabsmolders,901K,0.4%,Netherlands,,270.3K
96,Ronald @UCR8epba6yA0nr--0MKWyR7g,893K,0.1%,Netherlands,,267.9K
97,FunX Gemist @UC_aLZ1XBriFt04ylcWnz3JA,892K,-,Netherlands,,267.6K
98,Avalon Music @UC3G7GLG-fk95DhiTDJX1SHQ,887K,-,Netherlands,Music,266.1K
99,Matthy @UCyCg8J7mVxgstehrPQZonPw,885K,3%,Netherlands,,265.5K
100,BOOS @UCc0kHafEIzm6PiqyrsC5lyg,883K,0.9%,Netherlands,,264.9K
