#,NAME,FOLLOWERS,ER,COUNTRY,TOPIC OF INFLUENCE,POTENTIAL REACH
1,Nas Daily @nasdaily,6.8M,2.8%,Singapore,Education,2M
2,Kim Huat Ng🇵🇭/🇸🇬 @kim_huat1702,2.7M,-,Singapore,,810K
3,ONE Championship @onechampionship,2.3M,-,Singapore,Sports,690K
4,Doctor Tristan Peh - Dentist @doctortristanpeh,2.2M,-,Singapore,Education Medical Health,660K
5,Heng Official @tostenhpremium168,2M,-,Singapore,,600K
6,Jianhao Li @cn_streetfashion,1.8M,-,Singapore,Entertainment and Music,540K
7,gordonmoments @gordonmoments,956.2K,-,Singapore,,286.9K
8,Stephanie @sharemakeup,942.6K,0.1%,Singapore,Beauty,282.8K
9,Hoàng Minh Tuấn @hoangtuan_photo,839.5K,-,Singapore,Education Arts and Crafts Photography,251.9K
10,С ʀ ʏ ƨ т α в ɛ ℓ 🌻 @crystabel_,830.2K,1%,Singapore,Games,249.1K
11,no588211 @makeuppp05,826.6K,0.8%,Singapore,Beauty,248K
12,The Health Bites @the_health_bites,822.4K,-,Singapore,Fitness and Health,246.7K
13,Syimah Mac @macz3us,785.6K,0.1%,Singapore,,235.7K
14,jj @phawphaw414,757.9K,-,Singapore,,227.4K
15,Zhlowart_official @zhlowart_official,696.9K,2.7%,Singapore,Product Education Product Showcase,209.1K
16,Mamiko @mamiczka,685.1K,-,Singapore,Life and Society,205.5K
17,caydences @cayydences,614.5K,4.4%,Singapore,,184.4K
18,Joseph salameh @sg_diamonds,607.3K,-,Singapore,Fashion and Accessories Finance,182.2K
19,Titus Low @tituslow,586.9K,-,Singapore,Entertainment and Music Funny,176.1K
20,🍑Theingi💃🥂✂️✂️👗👗🇸🇬 @jessica1072,577.2K,-,Singapore,,173.2K
21,ꜱᴛᴀʀᴅᴜꜱᴛ.ꜱɪɴɢᴀᴘᴏʀᴇ🇸🇬 @stardust.singapore,572K,-,Singapore,,171.6K
22,新加坡小蛙 @xwshawn96,564.1K,-,Singapore,,169.2K
23,WahBanana @wahbananasg,563.2K,-,Singapore,,169K
24,TikTok Singapore @tiktoksg,560.8K,-,Singapore,,168.2K
25,updeals_beauty @beautyzzz,557.8K,-,Singapore,Fashion,167.3K
26,missbeibei @missbeibei,544K,-,Singapore,,163.2K
27,user7669386753441 @thae.thae55,538.5K,-,Singapore,,161.6K
28,izcreamz @izcreamz,509K,0.6%,Singapore,Entertainment and Music Upskilling,152.7K
29,Street snap @uwhit,496.2K,-,Singapore,,148.9K
30,SMAdnan @smadnan,491.3K,-,Singapore,,147.4K
31,honey nwe 🇸🇬&🇲🇲 @honeynwe7,489.2K,-,Singapore,,146.8K
32,Kenta @kenta_wang,474.3K,-,Singapore,,142.3K
33,William Seng @williamsengg,450.4K,-,Singapore,,135.1K
34,nice520177 @nice520177,446.5K,-,Singapore,,134K
35,may lwin oo @user061dmez499maylwinoo,446K,-,Singapore,,133.8K
36,431.8k!!! @blxss0m_tt,431.8K,0.8%,Singapore,,129.5K
37,Jenny G. Yeo ✨ @jennyyeo4,428K,-,Singapore,,128.4K
38,🌸白雪儿🌷Serene🌼400K✔️ @serenejsl94_oe,412.6K,-,Singapore,Beauty and Self Care,123.8K
39,MTV Asia @mtvasia,411.5K,-,Singapore,,123.5K
40,Bjorn Alvarez @drifter_d,410.8K,3.4%,Singapore,Entertainment and Music Games,123.2K
41,karen (ig : brigittatsai) @brigittatsai,394.7K,-,Singapore,,118.4K
42,ruru on crack @rurukirby,388.9K,-,Singapore,,116.7K
43,𝒎𝒃𝒐𝒏𝒊𝒕𝒂 @sindecirmarcas,383.8K,-,Singapore,,115.1K
44,Nadiyah Shahab @nadiyahshahab,356.8K,-,Singapore,,107K
45,Shinji The Corgi @shinjithecorgi,352.2K,-,Singapore,,105.7K
46,Crystal_hu @crystal_hu,344.7K,0.2%,Singapore,,103.4K
47,SGAG_SG @sgag_sg,344.3K,-,Singapore,Funny,103.3K
48,ezonda.knife @ezonda.knife,331.5K,-,Singapore,,99.5K
49,Red Bull Singapore @redbullsg,328.3K,-,Singapore,Food Sports,98.5K
50,kazueeee @johnstankazue,324.9K,-,Singapore,Beauty and Self Care,97.5K
51,Oliver Browns @oliverbrowns,317.1K,5.7%,Singapore,Life and Society,95.1K
52,Clea @cleapsg3,306.9K,0.3%,Singapore,Beauty and Self Care,92.1K
53,🧚‍♀️SMILEYSBYMAI🧚‍♀️ @smileysbymai,296.7K,-,Singapore,Arts and Crafts,89K
54,Dee ✨ @denisealexis,293.7K,-,Singapore,,88.1K
55,A.y.e N.a.n.d.a.r🇲🇲🇸🇬 @feelpost4,290.1K,-,Singapore,,87K
56,jj @drifterjjlin,288.6K,0.3%,Singapore,,86.6K
57,Pomelo Fashion @pomelofashion,285K,-,Singapore,Fashion and Accessories,85.5K
58,Magic knife @magicknifey,281.8K,-,Singapore,,84.5K
59,♡ 𝔸𝕝𝕠𝕠𝕠 ♡ @thanhphuong_2,281.1K,-,Singapore,,84.3K
60,Nasreen @nasreentime,280.2K,1.4%,Singapore,,84.1K
61,yeoshi @yeoshinoya,277.9K,-,Singapore,Entertainment and Music,83.4K
62,🖍 YAN YAN 🖍 @yanyan.tattoo,277.6K,0.1%,Singapore,,83.3K
63,Neter @netersg,275.5K,-,Singapore,,82.7K
64,abbie 🕷 @a.abbieee_,274.2K,-,Singapore,,82.3K
65,gyoza🥟 @gyoza.dd,273.4K,0.2%,Singapore,,82K
66,мιиιмι_нαgтт @missladdeki_,270.4K,-,Singapore,Fitness and Health,81.1K
67,Shei @ckshei,267.6K,-,Singapore,,80.3K
68,🥺👊 @doreamon808...28,263.5K,-,Singapore,,79.1K
69,Jamie Chua @iamjamiechua,262.1K,-,Singapore,,78.6K
70,Rus @redrinox,262K,0.2%,Singapore,,78.6K
71,aliciasannn ✨ @aliciasannn,261.4K,-,Singapore,Travel,78.4K
72,kueylapis jewellery 🇸🇬 @kueylapisjewellery,261.3K,-,Singapore,Beauty,78.4K
73,Agricultural tractor ship @tractorship,261.1K,-,Singapore,,78.3K
74,olderinjune🇹🇭 @olderinjune,254.4K,-,Singapore,,76.3K
75,Melvin Tseng @melvin.tseng,250.3K,0.4%,Singapore,Beauty and Self Care Arts and Crafts,75.1K
76,Ahmad @cuzimahmad,249.8K,0.1%,Singapore,Travel,74.9K
77,Allison Wolf @wolvesandwaterfalls,249.5K,-,Singapore,Travel Education,74.9K
78,Devika Panicker @devikapanicker,247.1K,0.1%,Singapore,,74.1K
79,Gym Tan @californiaistoocasual,245.9K,0.4%,Singapore,Fitness and Health,73.8K
80,Shakshi Harendran @shakshiharendran,242.4K,-,Singapore,,72.7K
81,🖤MAHISRI MAHI🖤 @mahisrimahi,239.1K,-,Singapore,Fashion and Accessories,71.7K
82,sleepyy🐉💤 @sleepyydragon,238.2K,-,Singapore,,71.5K
83,Tan Jia Song @jia_songg,236.8K,-,Singapore,Entertainment and Music,71K
84,Funny Cartoon @cutclick,236.4K,-,Singapore,,70.9K
85,Wizairul @wizairulrosalessidek,232.7K,-,Singapore,,69.8K
86,난 너를 좋아해 @rio5201314,230.2K,-,Singapore,,69.1K
87,ten22 @babyface0001,229.2K,-,Singapore,Pets Education Parenting,68.8K
88,ADITYA 穆伟 @byadtmy,228.1K,0.4%,Singapore,,68.4K
89,Keith.inks @keith.inks,224.7K,0.4%,Singapore,Arts and Crafts Animation and Cosplay,67.4K
90,Father and daughter @estaiyt,222.5K,-,Singapore,,66.8K
91,Annette Lee @annetteandafish,221.7K,2.9%,Singapore,,66.5K
92,🇸🇬🇲🇾虎牙妹子💄【230k】 @ytsherine1010,219.3K,-,Singapore,Beauty and Self Care,65.8K
93,Insurgent Clothing on Shopee @insurgentclothing,216.6K,-,Singapore,Fashion and Accessories,65K
94,Lost @sg_tiktoks,214.6K,0.3%,Singapore,,64.4K
95,💞SmilexRastaRani🔥 @rastaloisvirgo23,214.6K,-,Singapore,,64.4K
96,Chef Bob @chefbob.sg,212.8K,-,Singapore,Food,63.8K
97,Nao Mie @j6991sg8,212.8K,-,Singapore,,63.8K
98,AFC @theafchub,207.5K,0.2%,Singapore,Sports,62.3K
99,HebeosOfficial @hebeosofficial,207.2K,-,Singapore,,62.2K
100,Ⓢⓞⓜⓢⓡⓘ @27_kanittha,206.7K,-,Singapore,,62K
